SEASON_ID,Player_ID,Game_ID,GAME_DATE,MATCHUP,WL,MIN,FGM,FGA,FG_PCT,FG3M,FG3A,FG3_PCT,FTM,FTA,FT_PCT,OREB,DREB,REB,AST,STL,BLK,TOV,PF,PTS,PLUS_MINUS,VIDEO_AVAILABLE,prev_min,days_rest,is_away,rolling_avg_min,label
22023,1627936,0022300033,2023-11-17,CHI vs. ORL,L,23,5,6,0.833,4,5,0.8,4,4,1.0,0,1,1,0,3,2,1,4,18,7,1,24.0,2.0,0,23.6,0
22023,1627936,0022300204,2023-11-18,CHI vs. MIA,W,29,4,8,0.5,2,4,0.5,1,2,0.5,1,0,1,3,1,1,1,2,11,-16,1,23.0,1.0,0,23.9,1
22023,1627936,0022300220,2023-11-20,CHI vs. MIA,L,27,4,10,0.4,2,4,0.5,3,4,0.75,2,2,4,3,1,1,2,1,13,-21,1,29.0,2.0,0,23.6,1
22023,1627936,0022300234,2023-11-22,CHI @ OKC,L,27,5,12,0.417,2,6,0.333,0,0,0.0,1,5,6,1,1,0,0,1,12,-5,1,27.0,2.0,1,24.2,1
22023,1627936,0022300046,2023-11-24,CHI @ TOR,L,18,2,3,0.667,1,2,0.5,2,2,1.0,1,1,2,1,0,0,0,0,7,-13,1,27.0,2.0,1,24.3,0
22023,1627936,0022300053,2023-11-28,CHI @ BOS,L,19,3,9,0.333,2,6,0.333,0,0,0.0,1,1,2,2,3,0,1,2,8,-16,1,18.0,4.0,1,23.9,0
22023,1627936,0022300269,2023-11-30,CHI vs. MIL,W,29,4,9,0.444,3,5,0.6,0,0,0.0,0,1,1,5,2,1,7,1,11,-9,1,19.0,2.0,0,23.2,1
22023,1627936,0022300285,2023-12-02,CHI vs. NOP,W,13,3,5,0.6,2,4,0.5,0,0,0.0,0,2,2,2,0,1,1,2,8,-3,1,29.0,2.0,0,24.7,0
22023,1627936,0022301211,2023-12-06,CHI vs. CHA,W,30,4,7,0.571,1,2,0.5,3,4,0.75,4,2,6,2,0,2,1,2,12,-4,1,13.0,4.0,0,24.0,1
22023,1627936,0022301223,2023-12-08,CHI @ SAS,W,18,2,5,0.4,0,2,0.0,0,0,0.0,1,2,3,2,1,0,2,2,4,-3,1,30.0,2.0,1,23.9,0
22023,1627936,0022300320,2023-12-14,CHI @ MIA,W,5,2,4,0.5,2,3,0.667,0,0,0.0,0,0,0,1,0,0,0,0,6,11,1,18.0,6.0,1,23.3,0
22023,1627936,0022300351,2023-12-18,CHI @ PHI,W,31,5,8,0.625,0,3,0.0,0,1,0.0,0,4,4,4,1,2,2,5,10,18,1,5.0,4.0,1,21.5,1
22023,1627936,0022300370,2023-12-20,CHI vs. LAL,W,28,5,7,0.714,3,4,0.75,2,2,1.0,2,4,6,2,0,1,4,2,15,15,1,31.0,2.0,0,21.7,1
22023,1627936,0022300376,2023-12-21,CHI vs. SAS,W,22,4,6,0.667,0,0,0.0,0,0,0.0,0,3,3,3,3,0,2,5,8,10,1,28.0,1.0,0,21.8,0
22023,1627936,0022300396,2023-12-23,CHI vs. CLE,L,32,4,9,0.444,2,5,0.4,0,0,0.0,1,3,4,1,0,1,0,3,10,-10,1,22.0,2.0,0,21.3,1
22023,1627936,0022300408,2023-12-26,CHI vs. ATL,W,29,2,10,0.2,1,5,0.2,6,6,1.0,2,3,5,5,2,0,1,2,11,3,1,32.0,3.0,0,22.7,1
22023,1627936,0022300422,2023-12-28,CHI vs. IND,L,32,6,11,0.545,3,7,0.429,0,0,0.0,2,5,7,2,1,0,1,1,15,-15,1,29.0,2.0,0,23.7,1
22023,1627936,0022300442,2023-12-30,CHI vs. PHI,W,28,4,7,0.571,3,5,0.6,3,5,0.6,0,2,2,5,1,1,3,2,14,19,1,32.0,2.0,0,24.0,1
22023,1627936,0022300459,2024-01-02,CHI @ PHI,L,21,3,10,0.3,1,6,0.167,1,2,0.5,1,1,2,2,0,1,2,0,8,-12,1,28.0,3.0,1,25.5,0
22023,1627936,0022300468,2024-01-03,CHI @ NYK,L,33,5,13,0.385,2,8,0.25,1,1,1.0,0,4,4,3,4,1,1,4,13,-11,1,21.0,1.0,1,24.6,1
22023,1627936,0022300506,2024-01-08,CHI @ CHA,W,34,2,7,0.286,1,3,0.333,0,0,0.0,0,2,2,3,2,1,0,4,5,17,1,33.0,5.0,1,26.1,1
22023,1627936,0022300523,2024-01-10,CHI vs. HOU,W,32,3,10,0.3,2,9,0.222,4,6,0.667,2,4,6,3,1,1,0,3,12,-9,1,34.0,2.0,0,29.0,1
22023,1627936,0022300536,2024-01-12,CHI vs. GSW,L,29,2,6,0.333,2,6,0.333,0,0,0.0,1,1,2,2,0,1,0,0,6,-12,1,32.0,2.0,0,29.1,0
22023,1627936,0022300548,2024-01-13,CHI @ SAS,W,33,3,5,0.6,3,4,0.75,2,2,1.0,0,6,6,6,2,3,1,1,11,17,1,29.0,1.0,1,29.2,1
22023,1627936,0022300561,2024-01-15,CHI @ CLE,L,31,4,9,0.444,2,5,0.4,0,0,0.0,0,3,3,3,3,1,2,1,10,-6,1,33.0,2.0,1,30.3,0
22023,1627936,0022300580,2024-01-18,CHI @ TOR,W,28,4,6,0.667,2,4,0.5,0,0,0.0,0,3,3,4,2,2,1,4,10,3,1,31.0,3.0,1,30.2,0
22023,1627936,0022300597,2024-01-20,CHI vs. MEM,W,25,3,6,0.5,2,5,0.4,0,0,0.0,0,3,3,1,2,1,0,3,8,18,1,28.0,2.0,0,30.1,0
22023,1627936,0022300612,2024-01-22,CHI @ PHX,L,33,5,12,0.417,5,11,0.455,0,0,0.0,1,3,4,3,0,3,2,5,15,14,1,25.0,2.0,1,29.4,1
22023,1627936,0022300633,2024-01-25,CHI @ LAL,L,35,6,12,0.5,3,9,0.333,2,2,1.0,1,3,4,6,2,2,2,4,17,-6,1,33.0,3.0,1,29.9,1
22023,1627936,0022300656,2024-01-28,CHI @ POR,W,32,3,7,0.429,2,5,0.4,1,2,0.5,0,5,5,3,1,1,0,5,9,5,1,35.0,3.0,1,31.3,0
22023,1627936,0022300672,2024-01-30,CHI vs. TOR,L,33,3,9,0.333,1,6,0.167,4,6,0.667,0,3,3,2,1,2,3,2,11,7,1,32.0,2.0,0,31.2,0
22023,1627936,0022300674,2024-01-31,CHI @ CHA,W,34,4,7,0.571,2,4,0.5,0,0,0.0,2,3,5,3,0,3,0,2,10,11,1,33.0,1.0,1,31.1,0
22023,1627936,0022300700,2024-02-03,CHI vs. SAC,L,37,3,7,0.429,1,4,0.25,0,0,0.0,2,3,5,6,3,2,4,5,7,1,1,34.0,3.0,0,31.3,1
22023,1627936,0022300723,2024-02-06,CHI vs. MIN,W,35,1,5,0.2,1,3,0.333,0,0,0.0,1,8,9,6,2,4,4,1,3,19,1,37.0,3.0,0,32.1,0
22023,1627936,0022300737,2024-02-08,CHI @ MEM,W,29,1,4,0.25,0,3,0.0,5,5,1.0,0,4,4,4,2,0,0,5,7,1,1,35.0,2.0,1,32.3,0
22023,1627936,0022300752,2024-02-10,CHI @ ORL,L,36,4,6,0.667,1,2,0.5,0,0,0.0,3,5,8,1,1,4,2,3,9,-2,1,29.0,2.0,1,32.1,1
22023,1627936,0022300781,2024-02-14,CHI @ CLE,L,26,3,6,0.5,2,4,0.5,2,2,1.0,0,2,2,3,2,1,1,2,10,-7,1,36.0,4.0,1,32.9,0
22023,1627936,0022300797,2024-02-22,CHI vs. BOS,L,30,5,9,0.556,2,4,0.5,0,0,0.0,0,3,3,5,2,1,3,3,12,-12,1,26.0,8.0,0,33.0,0
22023,1627936,0022300823,2024-02-25,CHI @ NOP,W,32,5,13,0.385,2,9,0.222,0,0,0.0,1,2,3,2,2,0,0,2,12,9,1,30.0,3.0,1,32.7,0
22023,1627936,0022300839,2024-02-27,CHI vs. DET,L,25,2,9,0.222,0,5,0.0,0,0,0.0,1,1,2,1,5,0,1,4,4,5,1,32.0,2.0,0,32.4,0
22023,1627936,0022300864,2024-03-01,CHI vs. MIL,L,26,3,7,0.429,3,6,0.5,2,2,1.0,0,4,4,2,1,0,2,2,11,-2,1,25.0,3.0,0,31.7,0
22023,1627936,0022300883,2024-03-04,CHI @ SAC,W,34,1,10,0.1,0,6,0.0,0,1,0.0,0,3,3,7,4,0,0,1,2,4,1,26.0,3.0,1,31.0,0
22023,1627936,0022300898,2024-03-06,CHI @ UTA,W,34,4,9,0.444,3,7,0.429,0,0,0.0,0,3,3,4,4,3,0,3,11,1,1,34.0,2.0,1,31.0,0
22023,1627936,0022300907,2024-03-07,CHI @ GSW,W,22,2,4,0.5,1,3,0.333,0,0,0.0,1,4,5,2,0,1,2,4,5,-6,1,34.0,1.0,1,30.7,0
22023,1627936,0022300917,2024-03-09,CHI @ LAC,L,36,4,7,0.571,1,3,0.333,0,0,0.0,0,1,1,6,4,2,0,3,9,-11,1,22.0,2.0,1,29.4,1
22023,1627936,0022300935,2024-03-11,CHI vs. DAL,L,21,1,6,0.167,1,6,0.167,1,4,0.25,2,3,5,3,1,0,1,1,4,-9,1,36.0,2.0,0,30.1,0
22023,1627936,0022300948,2024-03-13,CHI @ IND,W,37,9,13,0.692,5,6,0.833,0,0,0.0,1,6,7,7,1,0,1,3,23,22,1,21.0,2.0,1,28.6,1
22023,1627936,0022300956,2024-03-14,CHI vs. LAC,L,36,5,13,0.385,5,8,0.625,2,2,1.0,0,3,3,6,3,0,3,2,17,-25,1,37.0,1.0,0,29.7,1
22023,1627936,0022300971,2024-03-16,CHI vs. WAS,W,34,7,12,0.583,2,4,0.5,0,0,0.0,1,4,5,5,2,1,3,2,16,12,1,36.0,2.0,0,30.3,1
22023,1627936,0022300986,2024-03-18,CHI vs. POR,W,31,1,5,0.2,1,5,0.2,2,4,0.5,0,4,4,4,3,1,1,5,5,0,1,34.0,2.0,0,30.5,0
22023,1627936,0022301006,2024-03-21,CHI @ HOU,L,35,3,11,0.273,2,8,0.25,4,4,1.0,1,1,2,4,2,0,2,5,12,-15,1,31.0,3.0,1,31.1,1
22023,1627936,0022301023,2024-03-23,CHI vs. BOS,L,28,5,8,0.625,4,6,0.667,0,0,0.0,0,3,3,3,1,0,0,1,14,0,1,35.0,2.0,0,32.0,0
22023,1627936,0022301037,2024-03-25,CHI vs. WAS,L,33,4,8,0.5,2,4,0.5,2,2,1.0,1,5,6,5,2,1,1,4,12,8,1,28.0,2.0,0,31.4,0
22023,1627936,0022301054,2024-03-27,CHI vs. IND,W,29,5,10,0.5,2,5,0.4,0,0,0.0,2,5,7,7,2,0,0,1,12,23,1,33.0,2.0,0,31.3,0
22023,1627936,0022301066,2024-03-29,CHI @ BKN,L,33,2,5,0.4,2,4,0.5,0,0,0.0,0,3,3,5,0,1,4,2,6,-26,1,29.0,2.0,1,32.0,0
22023,1627936,0022301084,2024-03-31,CHI @ MIN,W,35,7,8,0.875,7,8,0.875,0,0,0.0,1,4,5,5,5,0,4,3,21,6,1,33.0,2.0,1,31.7,1
22023,1627936,0022301091,2024-04-01,CHI vs. ATL,L,33,3,13,0.231,2,7,0.286,0,0,0.0,1,4,5,3,2,2,1,1,8,-17,1,35.0,1.0,0,33.1,0
22023,1627936,0022301119,2024-04-05,CHI vs. NYK,W,32,3,6,0.5,1,4,0.25,0,0,0.0,0,1,1,4,1,0,2,2,7,-8,1,33.0,4.0,0,32.7,0
22023,1627936,0022301149,2024-04-09,CHI vs. NYK,L,37,3,7,0.429,3,5,0.6,0,0,0.0,2,3,5,6,2,2,1,3,9,-10,1,32.0,4.0,0,32.3,1
22023,1627936,0022301166,2024-04-11,CHI @ DET,W,34,3,6,0.5,1,3,0.333,1,2,0.5,1,3,4,10,2,0,2,3,8,23,1,37.0,2.0,1,32.6,0
22023,1627936,0022301190,2024-04-14,CHI @ NYK,L,41,5,8,0.625,3,5,0.6,2,2,1.0,0,5,5,8,5,0,3,2,15,-8,1,34.0,3.0,1,32.9,1
22024,1627936,0022400215,2024-11-11,OKC vs. LAC,W,20,4,7,0.571,2,5,0.4,2,2,1.0,1,1,2,0,1,1,1,5,12,-12,1,22.0,1.0,0,19.6,0
22024,1627936,0022400025,2024-11-19,OKC @ SAS,L,26,1,7,0.143,0,5,0.0,0,0,0.0,0,5,5,1,3,2,1,0,2,-2,1,20.0,8.0,1,19.7,1
22024,1627936,0022400256,2024-11-20,OKC vs. POR,W,15,8,11,0.727,1,2,0.5,0,0,0.0,0,1,1,2,2,0,1,2,17,10,1,26.0,1.0,0,20.1,0
22024,1627936,0022400328,2024-12-05,OKC @ TOR,W,17,3,7,0.429,2,3,0.667,0,0,0.0,0,4,4,2,2,1,1,1,8,6,1,15.0,15.0,1,19.5,0
22024,1627936,0022400342,2024-12-07,OKC @ NOP,W,24,6,7,0.857,2,3,0.667,0,0,0.0,0,2,2,3,2,0,2,1,14,5,1,17.0,2.0,1,19.0,1
22024,1627936,0022401203,2024-12-10,OKC vs. DAL,W,22,2,7,0.286,2,6,0.333,0,0,0.0,1,3,4,4,2,0,1,0,6,2,1,24.0,3.0,0,19.7,1
22024,1627936,0022401230,2024-12-14,OKC vs. HOU,W,20,0,3,0.0,0,3,0.0,0,0,0.0,0,2,2,2,1,0,0,3,0,16,1,22.0,4.0,0,20.3,0
22024,1627936,0022400361,2024-12-19,OKC @ ORL,W,18,3,7,0.429,3,7,0.429,2,2,1.0,0,3,3,1,3,0,0,1,11,12,1,20.0,5.0,1,20.2,0
22024,1627936,0022400375,2024-12-20,OKC @ MIA,W,25,2,5,0.4,0,2,0.0,0,0,0.0,1,2,3,5,2,2,2,0,4,-3,1,18.0,1.0,1,19.8,1
22024,1627936,0022400400,2024-12-23,OKC vs. WAS,W,15,1,5,0.2,0,2,0.0,0,0,0.0,1,1,2,4,2,0,0,0,2,22,1,25.0,3.0,0,20.9,0
22024,1627936,0022400555,2025-01-14,OKC @ PHI,W,18,1,4,0.25,1,3,0.333,0,0,0.0,0,1,1,1,2,1,0,2,3,-15,1,15.0,22.0,1,20.2,0
22024,1627936,0022400574,2025-01-16,OKC vs. CLE,W,14,3,3,1.0,2,2,1.0,2,2,1.0,0,1,1,2,3,0,0,1,10,19,1,18.0,2.0,0,20.0,0
22024,1627936,0022400583,2025-01-17,OKC @ DAL,L,20,2,9,0.222,2,4,0.5,0,0,0.0,2,1,3,2,0,0,0,1,6,11,1,14.0,1.0,1,18.8,0
22024,1627936,0022400595,2025-01-19,OKC vs. BKN,W,19,3,6,0.5,0,1,0.0,0,0,0.0,0,3,3,3,0,0,0,1,6,9,1,20.0,2.0,0,19.3,0
22024,1627936,0022400618,2025-01-22,OKC vs. UTA,W,20,3,7,0.429,1,4,0.25,0,0,0.0,1,2,3,5,4,0,1,3,7,16,1,19.0,3.0,0,19.5,0
22024,1627936,0022400625,2025-01-23,OKC vs. DAL,L,21,3,5,0.6,2,4,0.5,0,1,0.0,1,2,3,5,2,1,1,2,8,12,1,20.0,1.0,0,19.1,0
22024,1627936,0022400647,2025-01-26,OKC @ POR,W,23,1,6,0.167,1,6,0.167,0,0,0.0,2,2,4,2,0,0,1,2,3,21,1,21.0,3.0,1,19.0,1
22024,1627936,0022400673,2025-01-29,OKC @ GSW,L,0,0,0,0.0,0,0,0.0,0,0,0.0,0,0,0,0,0,0,0,0,0,-2,1,23.0,3.0,1,19.3,0
22024,1627936,0022400724,2025-02-05,OKC vs. PHX,W,17,2,6,0.333,1,5,0.2,0,0,0.0,1,0,1,2,1,1,1,4,5,5,1,0.0,7.0,0,17.5,0
22024,1627936,0022400739,2025-02-07,OKC vs. TOR,W,20,5,7,0.714,2,4,0.5,0,0,0.0,1,5,6,4,3,1,0,2,12,11,1,17.0,2.0,0,16.7,1
22024,1627936,0022400746,2025-02-08,OKC @ MEM,W,27,5,10,0.5,2,4,0.5,2,2,1.0,2,1,3,2,1,0,0,3,14,7,1,20.0,1.0,1,17.2,1
22024,1627936,0022400761,2025-02-10,OKC vs. NOP,W,18,4,7,0.571,4,7,0.571,0,0,0.0,1,1,2,5,2,0,1,3,12,23,1,27.0,2.0,0,18.1,0
22024,1627936,0022400778,2025-02-12,OKC vs. MIA,W,13,0,1,0.0,0,0,0.0,2,2,1.0,0,1,1,2,0,0,0,1,2,3,1,18.0,2.0,0,18.5,0
22024,1627936,0022400804,2025-02-21,OKC @ UTA,W,18,3,4,0.75,2,2,1.0,0,0,0.0,0,3,3,6,2,0,1,1,8,11,1,13.0,9.0,1,17.8,0
22024,1627936,0022400820,2025-02-23,OKC @ MIN,W,24,4,8,0.5,3,6,0.5,0,0,0.0,2,5,7,2,2,0,1,2,11,18,1,18.0,2.0,1,17.7,1
22024,1627936,0022400826,2025-02-24,OKC vs. MIN,L,24,2,8,0.25,1,4,0.25,0,0,0.0,2,2,4,4,2,2,1,4,5,-11,1,24.0,1.0,0,18.1,1
22024,1627936,0022400840,2025-02-26,OKC @ BKN,W,20,2,3,0.667,1,1,1.0,0,0,0.0,1,1,2,3,1,0,0,2,5,27,1,24.0,2.0,1,18.4,0
22024,1627936,0022400871,2025-03-02,OKC @ SAS,W,20,4,7,0.571,1,4,0.25,1,1,1.0,1,0,1,2,1,1,1,0,10,1,1,20.0,4.0,1,18.1,1
22024,1627936,0022400879,2025-03-03,OKC vs. HOU,W,5,0,1,0.0,0,1,0.0,0,0,0.0,0,3,3,1,1,0,0,0,0,-9,1,20.0,1.0,0,20.1,0
22024,1627936,0022400908,2025-03-07,OKC vs. POR,W,24,6,8,0.75,2,2,1.0,3,4,0.75,0,1,1,1,3,1,1,1,17,-5,1,5.0,4.0,0,18.9,1
22024,1627936,0022400920,2025-03-09,OKC vs. DEN,W,17,3,5,0.6,1,3,0.333,1,1,1.0,0,2,2,2,1,2,0,2,8,11,1,24.0,2.0,0,19.3,0
22024,1627936,0022400936,2025-03-10,OKC vs. DEN,L,20,5,8,0.625,2,4,0.5,1,1,1.0,0,1,1,0,0,0,3,0,13,-20,1,17.0,1.0,0,18.3,0
22024,1627936,0022400969,2025-03-15,OKC @ DET,W,21,0,4,0.0,0,1,0.0,3,4,0.75,0,0,0,1,3,1,2,1,3,-17,1,20.0,5.0,1,18.5,1
22024,1627936,0022400982,2025-03-16,OKC @ MIL,W,23,4,6,0.667,0,1,0.0,2,3,0.667,0,3,3,5,1,1,1,2,10,10,1,21.0,1.0,1,19.3,1
22024,1627936,0022401017,2025-03-21,OKC vs. CHA,W,15,2,3,0.667,1,1,1.0,4,4,1.0,0,3,3,0,1,1,0,1,9,8,1,23.0,5.0,0,19.8,0
22024,1627936,0022401036,2025-03-23,OKC @ LAC,W,31,5,11,0.455,2,7,0.286,2,4,0.5,1,5,6,5,2,0,1,3,14,5,1,15.0,2.0,1,18.9,1
22024,1627936,0022401052,2025-03-25,OKC @ SAC,W,23,5,8,0.625,2,3,0.667,3,3,1.0,1,4,5,6,0,2,1,2,15,23,1,31.0,2.0,1,19.6,1
22024,1627936,0022401064,2025-03-27,OKC vs. MEM,W,10,2,5,0.4,2,5,0.4,0,0,0.0,1,2,3,1,0,1,0,1,6,0,1,23.0,2.0,0,19.9,0
22024,1627936,0022401079,2025-03-29,OKC vs. IND,W,19,3,5,0.6,0,2,0.0,0,0,0.0,1,4,5,2,0,0,2,4,6,22,1,10.0,2.0,0,18.9,0
22024,1627936,0022401094,2025-03-31,OKC vs. CHI,W,15,2,5,0.4,1,2,0.5,2,2,1.0,2,3,5,3,2,0,1,0,7,5,1,19.0,2.0,0,20.3,0
22024,1627936,0022401123,2025-04-04,OKC @ HOU,L,20,0,4,0.0,0,2,0.0,2,2,1.0,1,3,4,1,0,1,1,3,2,-10,1,15.0,4.0,1,19.4,0
22024,1627936,0022401135,2025-04-06,OKC vs. LAL,L,17,3,9,0.333,1,4,0.25,0,0,0.0,1,2,3,2,1,1,0,1,7,-11,1,20.0,2.0,0,19.7,0
22024,1627936,0022401153,2025-04-08,OKC vs. LAL,W,19,4,9,0.444,1,2,0.5,0,0,0.0,1,3,4,3,3,0,0,4,9,16,1,17.0,2.0,0,19.4,0
22024,1627936,0022401164,2025-04-09,OKC @ PHX,W,27,6,8,0.75,2,4,0.5,5,6,0.833,0,5,5,3,5,0,0,3,19,23,1,19.0,1.0,1,19.2,1
22025,1627936,0022500261,2025-11-19,OKC vs. SAC,W,21,1,7,0.143,0,5,0.0,0,0,0.0,1,3,4,5,1,1,0,1,2,4,1,2.0,4.0,0,18.4,1
22025,1627936,0022500055,2025-11-21,OKC @ UTA,W,18,4,5,0.8,2,3,0.667,1,2,0.5,0,0,0,3,1,0,1,0,11,29,1,21.0,2.0,1,17.5,0
22025,1627936,0022500280,2025-11-23,OKC vs. POR,W,14,2,3,0.667,1,1,1.0,0,0,0.0,1,1,2,3,1,0,0,3,5,25,1,18.0,2.0,0,16.9,0
22025,1627936,0022500064,2025-11-26,OKC vs. MIN,W,22,1,5,0.2,1,4,0.25,2,2,1.0,0,2,2,0,0,0,1,2,5,15,1,14.0,3.0,0,16.6,1
22025,1627936,0022500075,2025-11-28,OKC vs. PHX,W,24,2,3,0.667,0,0,0.0,0,0,0.0,1,6,7,3,2,1,4,4,4,-5,1,22.0,2.0,0,17.6,1
22025,1627936,0022501203,2025-12-10,OKC vs. PHX,W,13,1,3,0.333,1,2,0.5,0,0,0.0,1,0,1,1,3,0,2,0,3,-3,1,24.0,12.0,0,17.6,0
22025,1627936,0022501230,2025-12-13,OKC vs. SAS,L,24,5,9,0.556,1,3,0.333,0,0,0.0,4,4,8,3,3,0,0,5,11,22,1,13.0,3.0,0,16.7,1
22025,1627936,0022500369,2025-12-18,OKC vs. LAC,W,15,2,4,0.5,0,1,0.0,0,0,0.0,1,1,2,3,4,0,0,1,4,26,1,24.0,5.0,0,17.0,0
22025,1627936,0022500385,2025-12-19,OKC @ MIN,L,22,2,7,0.286,1,6,0.167,2,2,1.0,2,10,12,1,0,2,0,2,7,-7,1,15.0,1.0,1,17.0,1
22025,1627936,0022500417,2025-12-23,OKC @ SAS,L,19,1,3,0.333,0,2,0.0,0,0,0.0,1,3,4,1,0,0,2,1,2,-11,1,22.0,4.0,1,17.5,0
22025,1627936,0022500010,2025-12-25,OKC vs. SAS,L,20,3,13,0.231,2,12,0.167,4,4,1.0,0,1,1,0,0,1,1,1,12,-13,1,19.0,2.0,0,19.2,0
22025,1627936,0022500442,2025-12-28,OKC vs. PHI,W,16,3,5,0.6,1,3,0.333,0,0,0.0,0,1,1,0,0,0,0,0,7,7,1,20.0,3.0,0,19.1,0
22025,1627936,0022500455,2025-12-29,OKC vs. ATL,W,24,7,8,0.875,2,2,1.0,0,0,0.0,1,7,8,2,2,0,1,1,16,-1,1,16.0,1.0,0,18.9,1
22025,1627936,0022500470,2025-12-31,OKC vs. POR,W,9,1,2,0.5,1,2,0.5,0,0,0.0,0,1,1,0,1,1,1,1,3,1,1,24.0,2.0,0,19.9,0
22025,1627936,0022500484,2026-01-02,OKC @ GSW,W,11,1,3,0.333,0,2,0.0,2,2,1.0,0,1,1,2,1,0,0,2,4,17,1,9.0,2.0,1,18.6,0
22025,1627936,0022500499,2026-01-04,OKC @ PHX,L,22,1,4,0.25,0,2,0.0,0,0,0.0,0,1,1,3,0,0,0,1,2,-10,1,11.0,2.0,1,17.3,1
22025,1627936,0022500536,2026-01-09,OKC @ MEM,W,24,2,4,0.5,0,1,0.0,3,3,1.0,1,2,3,2,1,2,1,3,7,-3,1,22.0,5.0,1,18.2,1
22025,1627936,0022500553,2026-01-11,OKC vs. MIA,W,14,3,5,0.6,1,2,0.5,0,0,0.0,1,0,1,2,0,0,0,0,7,8,1,24.0,2.0,0,18.2,0
22025,1627936,0022500568,2026-01-13,OKC vs. SAS,W,20,5,8,0.625,2,4,0.5,1,1,1.0,0,2,2,4,1,0,0,2,13,27,1,14.0,2.0,0,18.1,1
22025,1627936,0022500581,2026-01-15,OKC @ HOU,W,18,2,7,0.286,1,5,0.2,0,0,0.0,1,3,4,2,2,1,1,0,5,12,1,20.0,2.0,1,17.9,0
22025,1627936,0022500597,2026-01-17,OKC @ MIA,L,21,1,3,0.333,1,2,0.5,2,4,0.5,0,4,4,2,1,0,1,2,5,7,1,18.0,2.0,1,17.8,1
22025,1627936,0022500015,2026-01-19,OKC @ CLE,W,7,0,5,0.0,0,4,0.0,1,2,0.5,0,1,1,2,2,0,0,1,1,1,1,21.0,2.0,1,17.9,0
22025,1627936,0022500723,2026-02-03,OKC vs. ORL,W,19,2,4,0.5,0,2,0.0,2,2,1.0,0,0,0,3,1,0,1,0,6,13,1,7.0,15.0,0,17.0,1
22025,1627936,0022500748,2026-02-07,OKC vs. HOU,L,26,3,9,0.333,2,6,0.333,0,1,0.0,1,1,2,1,2,1,1,4,8,-16,1,19.0,4.0,0,16.5,1
22025,1627936,0022500769,2026-02-09,OKC @ LAL,W,24,7,8,0.875,3,4,0.75,0,1,0.0,0,1,1,2,1,0,0,0,17,19,1,26.0,2.0,1,18.2,1
22025,1627936,0022500785,2026-02-11,OKC @ PHX,W,8,0,1,0.0,0,1,0.0,0,0,0.0,0,1,1,0,0,0,0,0,0,12,1,24.0,2.0,1,19.5,0
22025,1627936,0022500789,2026-02-12,OKC vs. MIL,L,20,3,6,0.5,3,4,0.75,0,0,0.0,0,3,3,1,1,0,2,0,9,-8,1,8.0,1.0,0,18.1,1
22025,1627936,0022500808,2026-02-20,OKC vs. BKN,W,11,0,5,0.0,0,3,0.0,0,0,0.0,0,0,0,3,1,0,1,1,0,12,1,20.0,8.0,0,17.7,0
22025,1627936,0022500834,2026-02-24,OKC @ TOR,W,23,6,10,0.6,2,5,0.4,2,2,1.0,1,1,2,4,2,0,4,1,16,22,1,11.0,4.0,1,17.4,1
22025,1627936,0022500862,2026-02-27,OKC vs. DEN,W,28,5,11,0.455,2,6,0.333,0,0,0.0,0,1,1,1,2,0,1,1,12,-9,1,23.0,3.0,0,17.7,1
22025,1627936,0022500876,2026-03-01,OKC @ DAL,W,22,2,5,0.4,0,3,0.0,0,0,0.0,0,6,6,1,0,1,1,2,4,4,1,28.0,2.0,1,18.7,1
22025,1627936,0022500889,2026-03-03,OKC @ CHI,W,19,2,9,0.222,0,3,0.0,4,4,1.0,1,3,4,1,2,0,1,0,8,3,1,22.0,2.0,1,18.8,0
22025,1627936,0022500893,2026-03-04,OKC @ NYK,W,12,1,1,1.0,1,1,1.0,0,2,0.0,2,2,4,1,2,0,1,1,3,-4,1,19.0,1.0,1,20.0,0
22025,1627936,0022500959,2026-03-12,OKC vs. BOS,W,23,3,11,0.273,1,8,0.125,0,0,0.0,2,2,4,2,2,1,1,1,7,6,1,12.0,8.0,0,19.3,1
22025,1627936,0022500976,2026-03-15,OKC vs. MIN,W,22,6,10,0.6,1,3,0.333,4,4,1.0,1,1,2,1,3,0,0,0,17,-3,1,23.0,3.0,0,19.0,1
22025,1627936,0022500992,2026-03-17,OKC @ ORL,W,24,1,3,0.333,0,1,0.0,0,0,0.0,2,6,8,1,2,0,1,2,2,19,1,22.0,2.0,1,18.8,1
22025,1627936,0022501000,2026-03-18,OKC @ BKN,W,5,0,2,0.0,0,2,0.0,0,0,0.0,0,2,2,1,1,0,2,0,0,5,1,24.0,1.0,1,20.4,0
22025,1627936,0022501022,2026-03-21,OKC @ WAS,W,20,2,4,0.5,0,2,0.0,0,0,0.0,0,1,1,5,1,2,1,3,4,19,1,5.0,3.0,1,18.9,0
22025,1627936,0022501040,2026-03-23,OKC @ PHI,W,16,1,2,0.5,0,1,0.0,2,2,1.0,0,2,2,2,0,0,0,1,4,12,1,20.0,2.0,1,19.8,0
22025,1627936,0022501054,2026-03-25,OKC @ BOS,L,21,3,11,0.273,1,8,0.125,2,2,1.0,0,4,4,2,1,0,0,2,9,-12,1,16.0,2.0,1,19.1,0
22025,1627936,0022501070,2026-03-27,OKC vs. CHI,W,15,2,3,0.667,0,1,0.0,2,3,0.667,0,5,5,2,0,0,0,1,6,8,1,21.0,2.0,0,18.4,0
22025,1627936,0022501089,2026-03-29,OKC vs. NYK,W,18,2,5,0.4,2,4,0.5,0,0,0.0,0,2,2,2,1,0,1,3,6,7,1,15.0,2.0,0,17.7,0
22025,1627936,0022501097,2026-03-30,OKC vs. DET,W,27,1,2,0.5,1,2,0.5,0,0,0.0,0,1,1,4,1,0,1,2,3,12,1,18.0,1.0,0,17.6,1
22025,1627936,0022501139,2026-04-05,OKC vs. UTA,W,13,2,4,0.5,1,3,0.333,0,0,0.0,0,4,4,0,1,0,1,1,5,7,1,27.0,6.0,0,19.1,0
22025,1627936,0022501155,2026-04-07,OKC @ LAL,W,10,2,3,0.667,2,3,0.667,0,0,0.0,0,1,1,2,0,0,2,0,6,0,1,13.0,2.0,1,18.1,0
22025,1627936,0022501163,2026-04-08,OKC @ LAC,W,13,1,3,0.333,0,2,0.0,0,0,0.0,0,4,4,0,0,0,0,2,2,5,1,10.0,1.0,1,16.9,0
22023,1630202,0022300194,2023-11-15,BOS @ PHI,W,23,2,5,0.4,1,3,0.333,0,0,0.0,1,1,2,3,0,0,0,0,5,7,1,19.0,2.0,1,20.4,1
22023,1630202,0022300031,2023-11-17,BOS @ TOR,W,17,2,7,0.286,1,5,0.2,0,0,0.0,1,2,3,3,1,0,0,1,5,11,1,23.0,2.0,1,21.6,0
22023,1630202,0022300213,2023-11-19,BOS @ MEM,W,15,2,5,0.4,1,2,0.5,2,4,0.5,0,3,3,1,0,0,1,0,7,0,1,17.0,2.0,1,22.0,0
22023,1630202,0022300217,2023-11-20,BOS @ CHA,L,33,8,14,0.571,5,8,0.625,0,0,0.0,2,4,6,3,2,0,0,1,21,16,1,15.0,1.0,1,21.0,1
22023,1630202,0022300228,2023-11-22,BOS vs. MIL,W,21,4,7,0.571,2,4,0.5,0,0,0.0,0,2,2,1,0,0,2,0,10,6,1,33.0,2.0,0,21.7,0
22023,1630202,0022300043,2023-11-24,BOS @ ORL,L,13,1,2,0.5,0,0,0.0,0,0,0.0,0,1,1,2,0,0,1,0,2,-6,1,21.0,2.0,1,21.9,0
22023,1630202,0022300246,2023-11-26,BOS vs. ATL,W,20,2,6,0.333,2,6,0.333,0,0,0.0,0,2,2,0,0,0,0,0,6,-10,1,13.0,2.0,0,21.2,0
22023,1630202,0022300053,2023-11-28,BOS vs. CHI,W,23,4,10,0.4,3,7,0.429,0,0,0.0,1,4,5,2,1,0,0,0,11,11,1,20.0,2.0,0,21.6,0
22023,1630202,0022300275,2023-12-01,BOS vs. PHI,W,23,3,7,0.429,2,6,0.333,2,2,1.0,0,2,2,5,1,0,0,1,10,-2,1,23.0,3.0,0,20.9,1
22023,1630202,0022301202,2023-12-04,BOS @ IND,L,15,0,5,0.0,0,4,0.0,0,0,0.0,0,4,4,2,0,0,0,0,0,-4,1,23.0,3.0,1,20.7,0
22023,1630202,0022301227,2023-12-08,BOS vs. NYK,W,19,2,4,0.5,1,3,0.333,0,0,0.0,1,1,2,2,0,0,0,2,5,-12,1,15.0,4.0,0,20.3,0
22023,1630202,0022300305,2023-12-12,BOS vs. CLE,W,12,2,5,0.4,2,5,0.4,0,0,0.0,0,3,3,3,2,1,1,1,6,10,1,19.0,4.0,0,19.9,0
22023,1630202,0022300319,2023-12-14,BOS vs. CLE,W,14,0,1,0.0,0,1,0.0,0,0,0.0,0,3,3,2,0,1,0,1,0,1,1,12.0,2.0,0,19.4,0
22023,1630202,0022300329,2023-12-15,BOS vs. ORL,W,28,7,10,0.7,6,7,0.857,1,2,0.5,1,2,3,5,1,0,0,4,21,8,1,14.0,1.0,0,19.3,1
22023,1630202,0022300344,2023-12-17,BOS vs. ORL,W,21,2,5,0.4,1,1,1.0,0,0,0.0,2,4,6,3,0,1,1,3,5,10,1,28.0,2.0,0,18.8,1
22023,1630202,0022300362,2023-12-19,BOS @ GSW,L,19,4,6,0.667,3,5,0.6,0,0,0.0,0,0,0,2,0,0,1,1,11,-10,1,21.0,2.0,1,18.8,0
22023,1630202,0022300373,2023-12-20,BOS @ SAC,W,29,6,12,0.5,6,11,0.545,2,3,0.667,0,4,4,4,1,0,1,1,20,10,1,19.0,1.0,1,19.4,1
22023,1630202,0022300389,2023-12-23,BOS @ LAC,W,23,3,8,0.375,3,5,0.6,0,0,0.0,1,3,4,3,0,0,0,3,9,13,1,29.0,3.0,1,20.3,1
22023,1630202,0022300403,2023-12-25,BOS @ LAL,W,13,4,8,0.5,2,6,0.333,0,0,0.0,2,0,2,0,0,0,0,1,10,-5,1,23.0,2.0,1,20.3,0
22023,1630202,0022300421,2023-12-28,BOS vs. DET,W,24,4,11,0.364,1,6,0.167,0,0,0.0,2,2,4,2,1,0,1,0,9,-9,1,13.0,3.0,0,19.3,1
22023,1630202,0022300432,2023-12-29,BOS vs. TOR,W,25,3,10,0.3,3,8,0.375,0,0,0.0,3,2,5,6,0,0,2,3,9,-3,1,24.0,1.0,0,20.2,1
22023,1630202,0022300448,2023-12-31,BOS @ SAS,W,19,4,8,0.5,1,5,0.2,0,2,0.0,1,2,3,7,0,0,0,0,9,10,1,25.0,2.0,1,20.8,0
22023,1630202,0022300462,2024-01-02,BOS @ OKC,L,25,2,5,0.4,1,4,0.25,0,0,0.0,1,2,3,4,2,0,0,1,5,9,1,19.0,2.0,1,21.5,1
22023,1630202,0022300479,2024-01-05,BOS vs. UTA,W,23,3,10,0.3,1,7,0.143,0,0,0.0,1,1,2,4,1,0,3,3,7,14,1,25.0,3.0,0,22.6,0
22023,1630202,0022300493,2024-01-06,BOS @ IND,W,15,2,5,0.4,1,3,0.333,0,0,0.0,0,2,2,0,1,0,0,0,5,10,1,23.0,1.0,1,22.1,0
22023,1630202,0022300507,2024-01-08,BOS @ IND,L,23,5,6,0.833,4,5,0.8,0,0,0.0,4,3,7,3,0,0,1,2,14,-2,1,15.0,2.0,1,21.5,0
22023,1630202,0022300517,2024-01-10,BOS vs. MIN,W,16,1,4,0.25,1,3,0.333,0,0,0.0,0,1,1,1,0,0,0,0,3,3,1,23.0,2.0,0,21.9,0
22023,1630202,0022300528,2024-01-11,BOS @ MIL,L,31,6,13,0.462,2,9,0.222,7,7,1.0,0,4,4,4,0,1,1,1,21,-13,1,16.0,1.0,1,20.6,1
22023,1630202,0022300542,2024-01-13,BOS vs. HOU,W,23,7,10,0.7,3,6,0.5,2,2,1.0,2,2,4,3,0,0,2,1,19,12,1,31.0,2.0,0,21.4,0
22023,1630202,0022300563,2024-01-15,BOS @ TOR,W,24,1,7,0.143,1,6,0.167,0,0,0.0,0,3,3,2,0,0,0,2,3,16,1,23.0,2.0,1,22.4,0
22023,1630202,0022300571,2024-01-17,BOS vs. SAS,W,27,4,10,0.4,2,4,0.5,2,2,1.0,1,2,3,4,1,0,0,2,12,17,1,24.0,2.0,0,22.4,1
22023,1630202,0022300586,2024-01-19,BOS vs. DEN,L,12,1,2,0.5,1,1,1.0,0,0,0.0,1,1,2,1,0,0,0,1,3,0,1,27.0,2.0,0,22.6,0
22023,1630202,0022300603,2024-01-21,BOS @ HOU,W,30,3,6,0.5,3,5,0.6,0,0,0.0,1,1,2,4,2,0,0,1,9,5,1,12.0,2.0,1,21.9,1
22023,1630202,0022300611,2024-01-22,BOS @ DAL,W,25,2,7,0.286,1,4,0.25,0,0,0.0,1,6,7,6,1,1,1,1,5,16,1,30.0,1.0,1,22.4,1
22023,1630202,0022300630,2024-01-25,BOS @ MIA,W,23,4,7,0.571,1,2,0.5,2,2,1.0,0,3,3,3,0,0,0,0,11,13,1,25.0,3.0,1,22.6,0
22023,1630202,0022300646,2024-01-27,BOS vs. LAC,L,21,4,8,0.5,3,7,0.429,1,1,1.0,0,4,4,2,0,0,0,1,12,-12,1,23.0,2.0,0,23.4,0
22023,1630202,0022300659,2024-01-29,BOS vs. NOP,W,14,2,5,0.4,1,4,0.25,0,0,0.0,0,0,0,0,1,0,1,3,5,-8,1,21.0,2.0,0,23.2,0
22023,1630202,0022300670,2024-01-30,BOS vs. IND,W,17,1,4,0.25,1,3,0.333,0,0,0.0,1,3,4,3,0,0,0,2,3,12,1,14.0,1.0,0,23.0,0
22023,1630202,0022300684,2024-02-01,BOS vs. LAL,L,21,3,6,0.5,2,5,0.4,0,0,0.0,0,0,0,1,0,1,1,1,8,13,1,17.0,2.0,0,21.6,0
22023,1630202,0022300706,2024-02-04,BOS vs. MEM,W,15,2,8,0.25,0,6,0.0,2,2,1.0,1,1,2,3,1,0,1,2,6,2,1,21.0,3.0,0,21.4,0
22023,1630202,0022300729,2024-02-07,BOS vs. ATL,W,16,3,5,0.6,2,4,0.5,0,0,0.0,0,2,2,2,1,0,2,1,8,11,1,15.0,3.0,0,20.5,0
22023,1630202,0022300743,2024-02-09,BOS vs. WAS,W,17,4,7,0.571,2,5,0.4,1,1,1.0,0,6,6,1,0,0,0,0,11,7,1,16.0,2.0,0,19.4,0
22023,1630202,0022300759,2024-02-11,BOS @ MIA,W,15,3,5,0.6,2,4,0.5,0,0,0.0,1,2,3,2,0,0,0,0,8,-6,1,17.0,2.0,1,19.9,0
22023,1630202,0022300771,2024-02-13,BOS @ BKN,W,15,1,6,0.167,1,5,0.2,0,0,0.0,1,2,3,1,0,0,1,3,3,-8,1,15.0,2.0,1,18.4,0
22023,1630202,0022300780,2024-02-14,BOS vs. BKN,W,32,11,16,0.688,6,9,0.667,0,0,0.0,1,3,4,3,0,0,0,1,28,29,1,15.0,1.0,0,17.4,1
22023,1630202,0022300797,2024-02-22,BOS @ CHI,W,20,3,6,0.5,3,6,0.5,0,0,0.0,0,3,3,1,0,0,2,0,9,-1,1,32.0,8.0,1,18.3,0
22023,1630202,0022300816,2024-02-24,BOS @ NYK,W,15,1,3,0.333,0,1,0.0,0,0,0.0,2,0,2,2,1,0,1,2,2,3,1,20.0,2.0,1,18.2,0
22023,1630202,0022300836,2024-02-27,BOS vs. PHI,W,16,1,4,0.25,0,3,0.0,0,0,0.0,0,2,2,0,1,0,1,1,2,-13,1,15.0,3.0,0,18.3,0
22023,1630202,0022300859,2024-03-01,BOS vs. DAL,W,16,4,7,0.571,2,4,0.5,0,0,0.0,1,1,2,1,0,0,1,2,10,6,1,16.0,3.0,0,18.2,0
22023,1630202,0022300872,2024-03-03,BOS vs. GSW,W,27,8,12,0.667,3,5,0.6,0,0,0.0,0,6,6,6,2,0,2,3,19,17,1,16.0,2.0,0,17.7,1
22023,1630202,0022300886,2024-03-05,BOS @ CLE,L,13,1,3,0.333,0,1,0.0,0,0,0.0,1,4,5,1,0,0,2,1,2,-7,1,27.0,2.0,1,18.9,0
22023,1630202,0022300906,2024-03-07,BOS @ DEN,L,11,0,1,0.0,0,1,0.0,0,0,0.0,0,0,0,0,0,0,0,1,0,-1,1,13.0,2.0,1,18.6,0
22023,1630202,0022300920,2024-03-09,BOS @ PHX,W,23,4,6,0.667,2,4,0.5,0,0,0.0,1,1,2,1,1,0,0,0,10,13,1,11.0,2.0,1,18.0,1
22023,1630202,0022300938,2024-03-11,BOS @ POR,W,30,5,11,0.455,1,4,0.25,0,0,0.0,1,7,8,8,0,0,0,0,11,12,1,23.0,2.0,1,18.8,1
22023,1630202,0022300943,2024-03-12,BOS @ UTA,W,25,3,12,0.25,2,9,0.222,2,2,1.0,0,2,2,2,0,0,1,2,10,14,1,30.0,1.0,1,20.3,1
22023,1630202,0022300955,2024-03-14,BOS vs. PHX,W,19,1,3,0.333,1,1,1.0,0,0,0.0,1,2,3,1,1,0,3,1,3,-2,1,25.0,2.0,0,19.6,0
22023,1630202,0022300980,2024-03-17,BOS @ WAS,W,35,6,15,0.4,2,5,0.4,0,0,0.0,2,3,5,13,1,0,1,0,14,16,1,19.0,3.0,1,19.5,1
22023,1630202,0022300984,2024-03-18,BOS vs. DET,W,38,8,14,0.571,5,9,0.556,2,2,1.0,1,1,2,7,0,0,2,1,23,19,1,35.0,1.0,0,21.5,1
22023,1630202,0022300998,2024-03-20,BOS vs. MIL,W,31,7,11,0.636,5,8,0.625,0,0,0.0,2,4,6,3,0,0,1,2,19,2,1,38.0,2.0,0,23.7,1
22023,1630202,0022301011,2024-03-22,BOS @ DET,W,38,8,15,0.533,4,9,0.444,0,0,0.0,0,2,2,9,0,0,1,2,20,15,1,31.0,2.0,1,25.2,1
22023,1630202,0022301023,2024-03-23,BOS @ CHI,W,34,5,13,0.385,2,6,0.333,3,3,1.0,0,3,3,8,1,0,0,1,15,17,1,38.0,1.0,1,26.3,1
22023,1630202,0022301034,2024-03-25,BOS @ ATL,L,28,7,12,0.583,1,5,0.2,0,2,0.0,1,4,5,6,0,0,0,3,15,-5,1,34.0,2.0,1,28.4,0
22023,1630202,0022301060,2024-03-28,BOS @ ATL,L,19,1,3,0.333,0,1,0.0,2,2,1.0,0,1,1,2,1,0,1,1,4,-11,1,28.0,3.0,1,30.1,0
22023,1630202,0022301074,2024-03-30,BOS @ NOP,W,17,1,3,0.333,0,2,0.0,0,0,0.0,2,1,3,0,0,0,1,1,2,3,1,19.0,2.0,1,29.7,0
22023,1630202,0022301087,2024-04-01,BOS @ CHA,W,28,3,7,0.429,0,4,0.0,1,2,0.5,1,2,3,5,0,0,1,4,7,6,1,17.0,2.0,1,28.4,0
22023,1630202,0022301105,2024-04-03,BOS vs. OKC,W,28,4,10,0.4,1,4,0.25,2,2,1.0,1,3,4,8,2,0,0,0,11,23,1,28.0,2.0,0,28.7,0
22023,1630202,0022301118,2024-04-05,BOS vs. SAC,W,33,8,16,0.5,5,10,0.5,0,0,0.0,1,0,1,3,2,0,1,3,21,2,1,28.0,2.0,0,29.6,1
22023,1630202,0022301134,2024-04-07,BOS vs. POR,W,26,9,13,0.692,2,4,0.5,0,0,0.0,0,3,3,8,1,0,2,1,20,19,1,33.0,2.0,0,29.4,0
22023,1630202,0022301148,2024-04-09,BOS @ MIL,L,24,2,9,0.222,2,8,0.25,0,0,0.0,0,2,2,3,1,0,1,0,6,1,1,26.0,2.0,1,28.2,0
22023,1630202,0022301167,2024-04-11,BOS vs. NYK,L,21,7,13,0.538,2,4,0.5,0,0,0.0,2,2,4,6,0,0,0,0,16,22,1,24.0,2.0,0,27.5,0
22023,1630202,0022301173,2024-04-12,BOS vs. CHA,W,31,14,22,0.636,3,8,0.375,0,0,0.0,0,3,3,11,1,0,2,2,31,15,1,21.0,1.0,0,25.8,1
22023,1630202,0022301186,2024-04-14,BOS vs. WAS,W,44,15,21,0.714,4,6,0.667,4,4,1.0,1,8,9,12,0,0,2,3,38,13,1,31.0,2.0,0,25.5,1
22024,1630202,0022400202,2024-11-10,BOS @ MIL,W,23,6,10,0.6,5,8,0.625,1,1,1.0,1,0,1,3,0,0,3,1,18,-8,1,34.0,2.0,1,28.7,0
22024,1630202,0022400001,2024-11-12,BOS vs. ATL,L,25,2,8,0.25,2,8,0.25,0,0,0.0,0,1,1,2,3,0,1,2,6,-9,1,23.0,2.0,0,28.5,0
22024,1630202,0022400218,2024-11-13,BOS @ BKN,W,36,8,13,0.615,5,9,0.556,2,4,0.5,2,4,6,8,2,1,1,3,23,14,1,25.0,1.0,1,28.2,1
22024,1630202,0022400230,2024-11-16,BOS vs. TOR,W,24,2,8,0.25,2,7,0.286,0,0,0.0,0,0,0,1,0,0,0,2,6,6,1,36.0,3.0,0,29.9,0
22024,1630202,0022400021,2024-11-19,BOS vs. CLE,W,26,5,9,0.556,3,6,0.5,0,0,0.0,1,1,2,3,1,0,0,2,13,-14,1,24.0,3.0,0,29.5,0
22024,1630202,0022400028,2024-11-22,BOS @ WAS,W,23,3,6,0.5,1,3,0.333,2,3,0.667,1,1,2,4,1,0,0,2,9,0,1,26.0,3.0,1,28.2,0
22024,1630202,0022400271,2024-11-24,BOS vs. MIN,W,22,3,7,0.429,1,5,0.2,1,1,1.0,1,3,4,3,0,0,0,2,8,-3,1,23.0,2.0,0,27.7,0
22024,1630202,0022400281,2024-11-25,BOS vs. LAC,W,26,7,13,0.538,6,10,0.6,0,0,0.0,0,2,2,4,2,0,1,0,20,30,1,22.0,1.0,0,27.0,0
22024,1630202,0022400047,2024-11-29,BOS @ CHI,W,29,10,16,0.625,7,11,0.636,2,2,1.0,4,3,7,1,1,0,0,1,29,11,1,26.0,4.0,1,27.1,0
22024,1630202,0022400307,2024-12-01,BOS @ CLE,L,36,7,16,0.438,3,10,0.3,7,8,0.875,1,6,7,3,0,1,1,2,24,-11,1,29.0,2.0,1,26.8,1
22024,1630202,0022400316,2024-12-02,BOS vs. MIA,W,33,10,17,0.588,5,12,0.417,0,0,0.0,1,4,5,4,2,1,1,1,25,16,1,36.0,1.0,0,27.0,1
22024,1630202,0022400319,2024-12-04,BOS vs. DET,W,34,7,15,0.467,5,13,0.385,0,0,0.0,4,1,5,4,1,0,4,3,19,-1,1,33.0,2.0,0,28.0,1
22024,1630202,0022400335,2024-12-06,BOS vs. MIL,W,24,0,3,0.0,0,2,0.0,0,0,0.0,1,2,3,2,0,0,0,1,0,-4,1,34.0,2.0,0,28.9,0
22024,1630202,0022400345,2024-12-07,BOS vs. MEM,L,30,7,12,0.583,6,11,0.545,2,4,0.5,2,4,6,2,1,0,1,1,22,8,1,24.0,1.0,0,27.7,0
22024,1630202,0022401205,2024-12-12,BOS vs. DET,W,31,10,20,0.5,7,15,0.467,0,0,0.0,0,4,4,10,0,0,1,0,27,22,1,30.0,5.0,0,28.3,0
22024,1630202,0022401217,2024-12-15,BOS @ WAS,W,37,5,12,0.417,5,10,0.5,0,0,0.0,4,7,11,6,0,0,3,3,15,17,1,31.0,3.0,1,28.8,1
22024,1630202,0022400363,2024-12-19,BOS vs. CHI,L,30,5,12,0.417,4,10,0.4,0,0,0.0,4,2,6,3,1,0,0,1,14,-10,1,37.0,4.0,0,30.2,0
22024,1630202,0022400381,2024-12-21,BOS @ CHI,W,32,2,7,0.286,2,6,0.333,0,0,0.0,3,1,4,2,2,0,0,1,6,31,1,30.0,2.0,1,31.0,0
22024,1630202,0022400393,2024-12-23,BOS @ ORL,L,21,3,7,0.429,1,5,0.2,0,0,0.0,1,2,3,1,0,0,2,1,7,-12,1,32.0,2.0,1,31.6,0
22024,1630202,0022400407,2024-12-25,BOS vs. PHI,L,33,1,9,0.111,0,8,0.0,2,2,1.0,2,1,3,5,0,0,1,2,4,-12,1,21.0,2.0,0,30.8,0
22024,1630202,0022400420,2024-12-27,BOS vs. IND,W,32,7,16,0.438,4,10,0.4,0,0,0.0,5,3,8,10,1,1,0,5,18,25,1,33.0,2.0,0,30.5,0
22024,1630202,0022400437,2024-12-29,BOS vs. IND,L,28,7,13,0.538,5,8,0.625,2,2,1.0,1,3,4,3,0,0,2,2,21,-2,1,32.0,2.0,0,30.4,0
22024,1630202,0022400449,2024-12-31,BOS vs. TOR,W,23,7,13,0.538,5,8,0.625,0,0,0.0,1,5,6,4,3,0,2,1,19,36,1,28.0,2.0,0,29.8,0
22024,1630202,0022400464,2025-01-02,BOS @ MIN,W,25,3,8,0.375,2,6,0.333,1,2,0.5,1,1,2,4,1,0,0,1,9,5,1,23.0,2.0,1,29.7,0
22024,1630202,0022400471,2025-01-03,BOS @ HOU,W,32,8,10,0.8,4,6,0.667,0,0,0.0,1,3,4,2,0,1,0,1,20,21,1,25.0,1.0,1,29.2,0
22024,1630202,0022400487,2025-01-05,BOS @ OKC,L,11,0,5,0.0,0,3,0.0,0,0,0.0,1,0,1,1,0,0,0,1,0,-3,1,32.0,2.0,1,29.3,0
22024,1630202,0022400507,2025-01-07,BOS @ DEN,W,20,1,6,0.167,1,5,0.2,0,0,0.0,2,1,3,4,1,0,2,0,3,-4,1,11.0,2.0,1,26.7,0
22024,1630202,0022400528,2025-01-10,BOS vs. SAC,L,27,4,11,0.364,1,7,0.143,0,0,0.0,1,1,2,2,1,0,1,3,9,-8,1,20.0,3.0,0,25.7,0
22024,1630202,0022400542,2025-01-12,BOS vs. NOP,W,24,4,10,0.4,3,8,0.375,0,0,0.0,0,1,1,4,0,0,0,1,11,12,1,27.0,2.0,0,25.2,0
22024,1630202,0022400562,2025-01-15,BOS @ TOR,L,31,7,11,0.636,4,8,0.5,2,3,0.667,2,0,2,4,1,0,0,3,20,6,1,24.0,3.0,1,25.5,1
22024,1630202,0022400577,2025-01-17,BOS vs. ORL,W,21,2,3,0.667,0,0,0.0,0,0,0.0,2,0,2,3,0,0,4,3,4,4,1,31.0,2.0,0,25.3,0
22024,1630202,0022400587,2025-01-18,BOS vs. ATL,L,33,7,12,0.583,4,8,0.5,2,2,1.0,1,5,6,1,0,0,0,2,20,-6,1,21.0,1.0,0,24.2,1
22024,1630202,0022400604,2025-01-20,BOS @ GSW,W,22,5,10,0.5,2,6,0.333,2,2,1.0,1,1,2,9,1,1,0,1,14,24,1,33.0,2.0,1,24.7,0
22024,1630202,0022400620,2025-01-22,BOS @ LAC,W,28,4,11,0.364,1,7,0.143,0,0,0.0,2,2,4,3,0,0,3,0,9,10,1,22.0,2.0,1,24.6,1
22024,1630202,0022400629,2025-01-23,BOS @ LAL,L,24,2,12,0.167,1,5,0.2,2,2,1.0,0,2,2,2,0,1,0,0,7,-17,1,28.0,1.0,1,24.9,0
22024,1630202,0022400635,2025-01-25,BOS @ DAL,W,27,2,4,0.5,2,4,0.5,0,0,0.0,3,6,9,4,1,0,0,2,6,21,1,24.0,2.0,1,24.1,1
22024,1630202,0022400650,2025-01-27,BOS vs. HOU,L,31,5,7,0.714,5,6,0.833,0,0,0.0,0,4,4,3,1,0,0,1,15,-7,1,27.0,2.0,0,25.7,1
22024,1630202,0022400666,2025-01-29,BOS vs. CHI,W,34,4,6,0.667,2,3,0.667,0,0,0.0,0,2,2,7,2,1,1,1,10,13,1,31.0,2.0,0,26.8,1
22024,1630202,0022400683,2025-01-31,BOS @ NOP,W,17,1,4,0.25,1,3,0.333,0,0,0.0,0,1,1,0,3,1,1,1,3,0,1,34.0,2.0,1,27.5,0
22024,1630202,0022400710,2025-02-04,BOS @ CLE,W,29,3,7,0.429,3,7,0.429,0,0,0.0,3,3,6,3,1,0,2,2,9,19,1,17.0,4.0,1,26.8,0
22024,1630202,0022400728,2025-02-06,BOS vs. DAL,L,33,9,15,0.6,3,9,0.333,0,0,0.0,1,5,6,6,0,1,2,4,21,-3,1,29.0,2.0,0,26.6,1
22024,1630202,0022400748,2025-02-08,BOS @ NYK,W,27,9,13,0.692,6,8,0.75,1,2,0.5,0,4,4,4,0,0,1,0,25,29,1,33.0,2.0,1,27.8,0
22024,1630202,0022400759,2025-02-10,BOS @ MIA,W,36,2,9,0.222,1,8,0.125,0,0,0.0,0,10,10,8,2,0,0,1,5,17,1,27.0,2.0,1,27.2,1
22024,1630202,0022400769,2025-02-12,BOS vs. SAS,W,31,4,12,0.333,2,10,0.2,0,0,0.0,4,3,7,3,0,0,1,3,10,12,1,36.0,2.0,0,28.6,0
22024,1630202,0022400789,2025-02-20,BOS @ PHI,W,31,10,18,0.556,8,15,0.533,0,0,0.0,0,0,0,4,0,0,1,0,28,8,1,31.0,8.0,1,28.9,0
22024,1630202,0022400811,2025-02-23,BOS vs. NYK,W,17,1,5,0.2,1,5,0.2,0,0,0.0,1,3,4,2,0,1,0,1,3,-12,1,31.0,3.0,0,29.6,0
22024,1630202,0022400829,2025-02-25,BOS @ TOR,W,35,8,17,0.471,4,13,0.308,0,0,0.0,2,5,7,2,2,0,1,1,20,4,1,17.0,2.0,1,28.6,1
22024,1630202,0022400836,2025-02-26,BOS @ DET,L,31,6,10,0.6,5,8,0.625,1,1,1.0,1,2,3,4,1,0,1,0,18,-5,1,35.0,1.0,1,29.0,0
22024,1630202,0022400852,2025-02-28,BOS vs. CLE,L,25,2,4,0.5,2,4,0.5,0,0,0.0,0,0,0,1,1,0,2,2,6,-36,1,31.0,2.0,0,28.7,0
22024,1630202,0022400866,2025-03-02,BOS vs. DEN,W,26,4,7,0.571,3,5,0.6,0,0,0.0,0,1,1,3,0,0,0,1,11,10,1,25.0,2.0,0,29.5,0
22024,1630202,0022400891,2025-03-05,BOS vs. POR,W,43,14,20,0.7,10,16,0.625,5,5,1.0,4,6,10,5,0,0,0,2,43,12,1,26.0,3.0,0,29.2,1
22024,1630202,0022400900,2025-03-06,BOS vs. PHI,W,32,6,13,0.462,4,8,0.5,3,3,1.0,3,1,4,6,2,0,0,1,19,14,1,43.0,1.0,0,30.2,0
22024,1630202,0022400918,2025-03-08,BOS vs. LAL,W,23,1,5,0.2,1,4,0.25,0,0,0.0,0,2,2,2,0,2,0,1,3,-2,1,32.0,2.0,0,30.7,0
22024,1630202,0022400929,2025-03-10,BOS vs. UTA,W,26,3,11,0.273,2,8,0.25,0,0,0.0,0,1,1,3,2,0,0,1,8,-4,1,23.0,2.0,0,29.4,0
22024,1630202,0022400946,2025-03-12,BOS vs. OKC,L,25,3,10,0.3,2,9,0.222,0,0,0.0,1,0,1,1,0,0,1,1,8,1,1,26.0,2.0,0,28.9,0
22024,1630202,0022400958,2025-03-14,BOS @ MIA,W,27,4,12,0.333,3,9,0.333,0,0,0.0,1,2,3,0,3,0,2,2,11,0,1,25.0,2.0,1,28.3,0
22024,1630202,0022400968,2025-03-15,BOS @ BKN,W,33,7,11,0.636,5,8,0.625,3,4,0.75,2,4,6,3,2,0,2,1,22,6,1,27.0,1.0,1,29.3,1
22024,1630202,0022400994,2025-03-18,BOS vs. BKN,W,34,3,9,0.333,3,7,0.429,1,1,1.0,1,3,4,2,0,0,0,0,10,14,1,33.0,3.0,0,29.1,1
22024,1630202,0022401020,2025-03-21,BOS @ UTA,W,32,6,13,0.462,4,11,0.364,2,3,0.667,1,1,2,4,1,0,1,2,18,14,1,34.0,3.0,1,29.4,0
22024,1630202,0022401034,2025-03-23,BOS @ POR,W,32,6,14,0.429,4,9,0.444,0,0,0.0,1,3,4,5,0,0,0,3,16,6,1,32.0,2.0,1,30.1,0
22024,1630202,0022401044,2025-03-24,BOS @ SAC,W,35,8,18,0.444,5,13,0.385,1,2,0.5,1,4,5,2,1,0,2,1,22,18,1,32.0,1.0,1,30.7,1
22024,1630202,0022401058,2025-03-26,BOS @ PHX,W,25,3,10,0.3,1,8,0.125,0,0,0.0,1,5,6,4,1,0,2,2,7,3,1,35.0,2.0,1,29.9,0
22024,1630202,0022401093,2025-03-31,BOS @ MEM,W,26,2,6,0.333,1,5,0.2,0,0,0.0,2,4,6,1,1,0,1,3,5,-6,1,25.0,5.0,1,29.2,0
22024,1630202,0022401106,2025-04-02,BOS vs. MIA,L,31,4,9,0.444,2,6,0.333,0,0,0.0,2,2,4,2,0,1,1,0,10,-7,1,26.0,2.0,0,29.5,0
22024,1630202,0022401120,2025-04-04,BOS vs. PHX,W,22,4,5,0.8,2,3,0.667,0,0,0.0,0,1,1,3,0,0,1,1,10,11,1,31.0,2.0,0,30.0,0
22024,1630202,0022401137,2025-04-06,BOS vs. WAS,W,30,8,18,0.444,4,11,0.364,0,0,0.0,1,5,6,7,2,0,1,1,20,27,1,22.0,2.0,0,29.7,0
22024,1630202,0022401151,2025-04-08,BOS @ NYK,W,30,3,6,0.5,0,3,0.0,2,2,1.0,1,4,5,3,1,0,1,1,8,-10,1,30.0,2.0,1,30.0,0
22024,1630202,0022401156,2025-04-09,BOS @ ORL,L,35,7,17,0.412,1,7,0.143,0,0,0.0,0,4,4,10,1,0,3,2,15,-12,1,30.0,1.0,1,29.7,1
22024,1630202,0022401174,2025-04-11,BOS vs. CHA,W,22,9,11,0.818,4,5,0.8,0,0,0.0,0,3,3,3,1,0,2,0,22,16,1,35.0,2.0,0,29.8,0
22024,1630202,0022401187,2025-04-13,BOS vs. CHA,W,39,14,25,0.56,4,12,0.333,2,2,1.0,3,4,7,7,1,0,4,0,34,8,1,22.0,2.0,0,28.8,1
22025,1630202,0022500193,2025-11-09,BOS @ ORL,W,33,2,8,0.25,1,6,0.167,0,0,0.0,0,5,5,5,0,0,3,4,5,2,1,32.0,2.0,1,32.0,0
22025,1630202,0022500209,2025-11-11,BOS @ PHI,L,31,2,9,0.222,1,5,0.2,0,0,0.0,1,2,3,3,1,0,1,2,5,-9,1,33.0,2.0,1,31.6,0
22025,1630202,0022500216,2025-11-12,BOS vs. MEM,W,30,8,15,0.533,5,10,0.5,3,4,0.75,0,6,6,9,0,0,0,1,24,42,1,31.0,1.0,0,31.1,0
22025,1630202,0022500233,2025-11-16,BOS vs. LAC,W,33,10,16,0.625,8,13,0.615,2,2,1.0,1,2,3,2,0,0,0,1,30,-15,1,30.0,4.0,0,30.7,0
22025,1630202,0022500250,2025-11-18,BOS @ BKN,W,35,6,16,0.375,5,12,0.417,5,5,1.0,2,8,10,5,0,0,3,1,22,11,1,33.0,2.0,1,30.9,1
22025,1630202,0022500049,2025-11-21,BOS vs. BKN,L,35,5,13,0.385,3,9,0.333,0,0,0.0,1,2,3,4,0,0,1,1,13,-13,1,35.0,3.0,0,31.2,1
22025,1630202,0022500277,2025-11-23,BOS vs. ORL,W,34,9,16,0.563,1,4,0.25,0,0,0.0,2,3,5,8,2,0,1,1,19,15,1,35.0,2.0,0,31.4,0
22025,1630202,0022500060,2025-11-26,BOS vs. DET,W,34,5,10,0.5,4,7,0.571,2,2,1.0,1,4,5,2,0,1,1,1,16,1,1,34.0,3.0,0,32.2,0
22025,1630202,0022500293,2025-11-29,BOS @ MIN,L,31,4,14,0.286,1,8,0.125,0,0,0.0,1,4,5,4,1,1,0,0,9,-12,1,34.0,3.0,1,32.1,0
22025,1630202,0022500302,2025-11-30,BOS @ CLE,W,31,15,22,0.682,6,11,0.545,6,6,1.0,0,3,3,3,0,0,2,3,42,10,1,31.0,1.0,1,32.8,0
22025,1630202,0022500320,2025-12-02,BOS vs. NYK,W,30,4,13,0.308,1,7,0.143,1,1,1.0,0,4,4,3,1,0,1,3,10,0,1,31.0,2.0,0,32.7,0
22025,1630202,0022500334,2025-12-04,BOS @ WAS,W,32,8,21,0.381,3,9,0.333,1,1,1.0,5,1,6,8,1,0,1,1,20,27,1,30.0,2.0,1,32.4,0
22025,1630202,0022500338,2025-12-05,BOS vs. LAL,W,30,6,13,0.462,3,7,0.429,0,0,0.0,0,2,2,6,1,0,2,2,15,15,1,32.0,1.0,0,32.5,0
22025,1630202,0022500358,2025-12-07,BOS @ TOR,W,38,6,12,0.5,3,8,0.375,0,0,0.0,1,3,4,6,1,0,0,1,15,18,1,30.0,2.0,1,32.5,1
22025,1630202,0022501206,2025-12-11,BOS @ MIL,L,31,4,14,0.286,3,11,0.273,0,0,0.0,1,4,5,7,0,0,0,1,11,-21,1,38.0,4.0,1,33.0,0
22025,1630202,0022501222,2025-12-15,BOS vs. DET,L,35,5,14,0.357,2,8,0.25,0,0,0.0,0,4,4,5,0,0,1,0,12,-1,1,31.0,4.0,0,32.6,0
22025,1630202,0022500381,2025-12-19,BOS vs. MIA,W,27,2,8,0.25,2,8,0.25,3,4,0.75,1,3,4,4,2,0,0,1,9,-2,1,35.0,4.0,0,32.6,0
22025,1630202,0022500388,2025-12-20,BOS @ TOR,W,37,13,24,0.542,4,9,0.444,3,3,1.0,2,5,7,10,0,0,1,0,33,4,1,27.0,1.0,1,31.9,1
22025,1630202,0022500403,2025-12-22,BOS vs. IND,W,33,4,12,0.333,1,4,0.25,2,2,1.0,1,2,3,5,2,0,3,3,11,-6,1,37.0,2.0,0,32.2,0
22025,1630202,0022500426,2025-12-26,BOS @ IND,W,38,10,17,0.588,3,8,0.375,6,8,0.75,2,7,9,5,1,0,3,3,29,8,1,33.0,4.0,1,32.4,1
22025,1630202,0022500444,2025-12-28,BOS @ POR,L,38,3,10,0.3,3,8,0.375,0,0,0.0,0,5,5,5,2,0,2,0,9,2,1,38.0,2.0,1,33.1,1
22025,1630202,0022500459,2025-12-30,BOS @ UTA,W,35,8,15,0.533,1,7,0.143,1,1,1.0,0,4,4,6,1,0,0,1,18,1,1,38.0,2.0,1,33.9,0
22025,1630202,0022500474,2026-01-01,BOS @ SAC,W,31,6,13,0.462,2,8,0.25,2,2,1.0,2,1,3,6,1,1,2,2,16,4,1,35.0,2.0,1,34.2,0
22025,1630202,0022500493,2026-01-03,BOS @ LAC,W,40,5,10,0.5,2,3,0.667,0,0,0.0,0,4,4,8,1,0,0,2,12,27,1,31.0,2.0,1,34.3,1
22025,1630202,0022500503,2026-01-05,BOS vs. CHI,W,31,8,17,0.471,4,7,0.571,1,1,1.0,0,6,6,5,1,0,0,1,21,11,1,40.0,2.0,0,34.5,0
22025,1630202,0022500520,2026-01-07,BOS vs. DEN,L,34,5,13,0.385,1,6,0.167,6,6,1.0,3,2,5,2,2,0,0,2,17,-5,1,31.0,2.0,0,34.5,0
22025,1630202,0022500532,2026-01-09,BOS vs. TOR,W,30,12,19,0.632,3,5,0.6,0,0,0.0,0,5,5,8,0,1,1,0,27,11,1,34.0,2.0,0,34.4,0
22025,1630202,0022500545,2026-01-10,BOS vs. SAS,L,29,2,9,0.222,0,3,0.0,0,0,0.0,0,5,5,4,1,0,0,0,4,-1,1,30.0,1.0,0,34.7,0
22025,1630202,0022500559,2026-01-12,BOS @ IND,L,37,10,22,0.455,3,7,0.429,0,0,0.0,1,3,4,8,2,0,0,0,23,1,1,29.0,2.0,1,33.9,0
22025,1630202,0022500580,2026-01-15,BOS @ MIA,W,24,1,4,0.25,0,2,0.0,0,0,0.0,1,2,3,8,1,1,1,1,2,-20,1,37.0,3.0,1,34.3,0
22025,1630202,0022500017,2026-01-19,BOS @ DET,L,34,5,8,0.625,3,6,0.5,4,5,0.8,1,2,3,3,0,0,2,3,17,2,1,24.0,4.0,1,32.9,0
22025,1630202,0022500621,2026-01-21,BOS vs. IND,W,33,4,12,0.333,1,5,0.2,1,1,1.0,1,4,5,8,1,0,2,1,10,26,1,34.0,2.0,0,32.5,0
22025,1630202,0022500637,2026-01-23,BOS @ BKN,W,40,13,24,0.542,6,11,0.545,0,0,0.0,1,3,4,4,0,0,1,3,32,-3,1,33.0,2.0,1,32.3,1
22025,1630202,0022500647,2026-01-24,BOS @ CHI,L,30,4,10,0.4,1,3,0.333,1,1,1.0,0,3,3,7,0,0,1,0,10,-4,1,40.0,1.0,1,33.2,0
22025,1630202,0022500660,2026-01-26,BOS vs. POR,W,35,8,16,0.5,5,11,0.455,2,4,0.5,1,3,4,3,0,0,0,1,23,23,1,30.0,2.0,0,32.2,0
22025,1630202,0022500673,2026-01-28,BOS vs. ATL,L,28,5,11,0.455,0,3,0.0,2,2,1.0,0,4,4,0,0,0,0,1,12,-30,1,35.0,2.0,0,32.6,0
22025,1630202,0022500689,2026-01-30,BOS vs. SAC,W,33,12,16,0.75,5,6,0.833,0,0,0.0,0,2,2,8,0,0,2,1,29,20,1,28.0,2.0,0,32.0,0
22025,1630202,0022500702,2026-02-01,BOS vs. MIL,W,27,2,8,0.25,1,4,0.25,2,2,1.0,0,3,3,5,0,0,0,1,7,10,1,33.0,2.0,0,32.3,0
22025,1630202,0022500721,2026-02-03,BOS @ DAL,W,35,12,20,0.6,2,8,0.25,0,0,0.0,0,4,4,7,0,0,2,1,26,0,1,27.0,2.0,1,32.1,0
22025,1630202,0022500728,2026-02-04,BOS @ HOU,W,33,9,20,0.45,5,10,0.5,4,5,0.8,1,2,3,7,0,0,1,0,27,17,1,35.0,1.0,1,31.9,0
22025,1630202,0022500741,2026-02-06,BOS vs. MIA,W,36,8,15,0.533,4,6,0.667,4,4,1.0,0,1,1,1,1,0,2,3,24,4,1,33.0,2.0,0,32.8,0
22025,1630202,0022500757,2026-02-08,BOS vs. NYK,L,31,2,9,0.222,1,6,0.167,1,1,1.0,2,0,2,7,2,0,1,0,6,-27,1,36.0,2.0,0,33.0,0
22025,1630202,0022500778,2026-02-11,BOS vs. CHI,W,34,11,18,0.611,3,8,0.375,1,2,0.5,0,5,5,8,2,0,5,0,26,13,1,31.0,3.0,0,32.8,0
22025,1630202,0022500799,2026-02-19,BOS @ GSW,W,33,10,18,0.556,6,11,0.545,0,0,0.0,0,6,6,7,1,0,4,0,26,5,1,34.0,8.0,1,32.2,0
22025,1630202,0022500823,2026-02-22,BOS @ LAL,W,38,10,14,0.714,6,9,0.667,4,4,1.0,2,2,4,8,0,0,4,4,30,21,1,33.0,3.0,1,32.5,1
22025,1630202,0022500839,2026-02-24,BOS @ PHX,W,34,2,13,0.154,0,5,0.0,4,4,1.0,1,5,6,4,1,0,3,1,8,11,1,38.0,2.0,1,32.8,0
22025,1630202,0022500847,2026-02-25,BOS @ DEN,L,28,1,6,0.167,1,3,0.333,0,0,0.0,0,3,3,4,2,0,0,3,3,-13,1,34.0,1.0,1,33.4,0
22025,1630202,0022500859,2026-02-27,BOS vs. BKN,W,28,9,12,0.75,4,5,0.8,0,0,0.0,0,0,0,5,1,0,1,1,22,40,1,28.0,2.0,0,32.9,0
22025,1630202,0022500874,2026-03-01,BOS vs. PHI,W,27,0,4,0.0,0,4,0.0,0,0,0.0,0,3,3,5,1,0,2,1,0,7,1,28.0,2.0,0,33.0,0
22025,1630202,0022500880,2026-03-02,BOS @ MIL,W,34,10,23,0.435,5,10,0.5,0,0,0.0,2,2,4,9,0,0,1,1,25,15,1,27.0,1.0,1,32.2,0
22025,1630202,0022500894,2026-03-04,BOS vs. CHA,L,24,0,6,0.0,0,5,0.0,0,0,0.0,0,2,2,0,0,0,2,2,0,-14,1,34.0,2.0,0,32.3,0
22025,1630202,0022500908,2026-03-06,BOS vs. DAL,W,34,8,17,0.471,2,8,0.25,0,0,0.0,2,5,7,6,0,2,1,0,18,19,1,24.0,2.0,0,31.1,0
22025,1630202,0022500921,2026-03-08,BOS @ CLE,W,35,7,12,0.583,2,6,0.333,2,2,1.0,1,2,3,7,1,0,2,2,18,18,1,34.0,2.0,1,31.4,1
22025,1630202,0022500959,2026-03-12,BOS @ OKC,L,39,6,17,0.353,2,9,0.222,0,0,0.0,1,3,4,4,0,0,2,0,14,-7,1,35.0,4.0,1,31.5,1
22025,1630202,0022500971,2026-03-14,BOS vs. WAS,W,30,2,11,0.182,0,4,0.0,0,0,0.0,0,4,4,4,2,1,0,1,4,-6,1,39.0,2.0,0,32.1,0
22025,1630202,0022500986,2026-03-16,BOS vs. PHX,W,37,6,13,0.462,5,9,0.556,2,2,1.0,1,3,4,6,1,0,2,4,19,8,1,30.0,2.0,0,31.3,1
22025,1630202,0022500999,2026-03-18,BOS vs. GSW,W,31,8,16,0.5,3,7,0.429,0,0,0.0,0,0,0,7,1,0,1,2,19,25,1,37.0,2.0,0,31.6,0
22025,1630202,0022501019,2026-03-20,BOS @ MEM,W,32,5,13,0.385,3,10,0.3,6,6,1.0,1,5,6,3,0,0,4,3,19,9,1,31.0,2.0,1,31.9,0
22025,1630202,0022501035,2026-03-22,BOS vs. MIN,L,27,4,11,0.364,2,6,0.333,0,0,0.0,0,1,1,3,1,0,1,1,10,-11,1,32.0,2.0,0,32.3,0
22025,1630202,0022501054,2026-03-25,BOS vs. OKC,W,33,5,11,0.455,4,6,0.667,0,0,0.0,0,2,2,1,0,1,1,2,14,11,1,27.0,3.0,0,32.3,0
22025,1630202,0022501067,2026-03-27,BOS vs. ATL,W,35,13,23,0.565,6,11,0.545,4,4,1.0,3,4,7,4,0,0,5,2,36,26,1,33.0,2.0,0,32.2,0
22025,1630202,0022501085,2026-03-29,BOS @ CHA,W,37,10,18,0.556,2,6,0.333,6,6,1.0,1,5,6,6,1,0,2,3,28,12,1,35.0,2.0,1,33.3,1
22025,1630202,0022501092,2026-03-30,BOS @ ATL,L,26,6,14,0.429,4,6,0.667,0,0,0.0,0,2,2,0,0,0,1,1,16,-19,1,37.0,1.0,1,33.6,0
22025,1630202,0022501106,2026-04-01,BOS @ MIA,W,31,5,9,0.556,4,7,0.571,0,0,0.0,2,1,3,4,0,1,0,2,14,20,1,26.0,2.0,1,32.7,0
22025,1630202,0022501126,2026-04-03,BOS @ MIL,W,26,7,12,0.583,2,6,0.333,0,0,0.0,1,2,3,6,0,0,1,0,16,2,1,31.0,2.0,1,31.9,0
22025,1630202,0022501132,2026-04-05,BOS vs. TOR,W,30,7,12,0.583,1,3,0.333,2,2,1.0,0,1,1,3,3,0,1,2,17,9,1,26.0,2.0,0,31.5,0
22025,1630202,0022501149,2026-04-07,BOS vs. CHA,W,30,4,8,0.5,4,7,0.571,0,0,0.0,2,2,4,3,0,0,2,2,12,5,1,30.0,2.0,0,30.8,0
22025,1630202,0022501168,2026-04-09,BOS @ NYK,L,36,10,20,0.5,3,8,0.375,0,0,0.0,2,1,3,6,0,0,2,1,23,4,1,30.0,2.0,1,30.7,1
22025,1630202,0022501174,2026-04-10,BOS vs. NOP,W,30,7,14,0.5,5,9,0.556,2,2,1.0,0,3,3,10,1,0,1,3,21,29,1,36.0,1.0,0,31.1,0
22023,1629675,0022300197,2023-11-15,MIN @ PHX,L,19,4,7,0.571,1,2,0.5,4,4,1.0,2,2,4,0,1,0,0,0,13,-5,1,16.0,1.0,1,21.7,0
22023,1629675,0022300203,2023-11-18,MIN @ NOP,W,18,2,8,0.25,2,6,0.333,2,2,1.0,0,1,1,0,0,1,1,0,8,-8,1,19.0,3.0,1,21.2,0
22023,1629675,0022300221,2023-11-20,MIN vs. NYK,W,18,3,8,0.375,1,6,0.167,3,3,1.0,0,3,3,1,1,0,3,6,10,3,1,18.0,2.0,0,20.2,0
22023,1629675,0022300232,2023-11-22,MIN vs. PHI,W,22,6,13,0.462,1,4,0.25,0,1,0.0,1,3,4,0,3,1,0,1,13,4,1,18.0,2.0,0,19.6,1
22023,1629675,0022300050,2023-11-24,MIN vs. SAC,L,18,4,7,0.571,1,3,0.333,0,0,0.0,0,1,1,0,0,2,3,0,9,-19,1,22.0,2.0,0,19.9,0
22023,1629675,0022300249,2023-11-26,MIN @ MEM,W,22,4,9,0.444,1,2,0.5,3,4,0.75,2,4,6,0,1,0,1,4,12,4,1,18.0,2.0,1,19.5,1
22023,1629675,0022300058,2023-11-28,MIN vs. OKC,W,25,6,9,0.667,3,4,0.75,0,0,0.0,1,6,7,2,0,2,1,2,15,1,1,22.0,2.0,0,19.2,1
22023,1629675,0022300270,2023-11-30,MIN vs. UTA,W,22,3,9,0.333,0,4,0.0,0,0,0.0,1,2,3,0,1,1,0,2,6,-2,1,25.0,2.0,0,19.5,1
22023,1629675,0022300281,2023-12-02,MIN @ CHA,W,25,9,14,0.643,3,6,0.5,2,2,1.0,2,3,5,2,1,0,2,0,23,-7,1,22.0,2.0,1,19.9,1
22023,1629675,0022301210,2023-12-06,MIN vs. SAS,W,29,7,18,0.389,1,7,0.143,0,0,0.0,4,5,9,2,0,1,1,2,15,10,1,25.0,4.0,0,20.5,1
22023,1629675,0022301221,2023-12-08,MIN @ MEM,W,24,5,12,0.417,0,5,0.0,0,0,0.0,0,9,9,2,1,1,1,2,10,7,1,29.0,2.0,1,21.8,1
22023,1629675,0022300301,2023-12-11,MIN @ NOP,L,24,7,15,0.467,3,7,0.429,0,0,0.0,3,3,6,2,1,0,0,3,17,0,1,24.0,3.0,1,22.3,0
22023,1629675,0022300321,2023-12-14,MIN @ DAL,W,31,8,14,0.571,7,11,0.636,4,4,1.0,2,4,6,3,1,0,2,2,27,16,1,24.0,3.0,1,22.9,1
22023,1629675,0022300338,2023-12-16,MIN vs. IND,W,27,6,8,0.75,3,5,0.6,2,2,1.0,0,5,5,0,0,0,1,2,17,25,1,31.0,2.0,0,24.2,1
22023,1629675,0022300353,2023-12-18,MIN @ MIA,W,21,5,13,0.385,1,6,0.167,2,2,1.0,1,3,4,1,1,1,1,2,13,2,1,27.0,2.0,1,24.7,0
22023,1629675,0022300367,2023-12-20,MIN @ PHI,L,20,4,9,0.444,2,6,0.333,0,0,0.0,1,1,2,1,0,1,4,3,10,-27,1,21.0,2.0,1,25.0,0
22023,1629675,0022300380,2023-12-21,MIN vs. LAL,W,21,3,9,0.333,3,6,0.5,0,0,0.0,2,3,5,2,1,1,3,6,9,5,1,20.0,1.0,0,24.8,0
22023,1629675,0022300400,2023-12-23,MIN @ SAC,W,19,2,4,0.5,0,1,0.0,2,2,1.0,0,2,2,2,2,0,1,0,6,-13,1,21.0,2.0,1,24.4,0
22023,1629675,0022300411,2023-12-26,MIN @ OKC,L,19,2,4,0.5,2,3,0.667,0,0,0.0,1,6,7,0,0,0,4,1,6,-9,1,19.0,3.0,1,24.1,0
22023,1629675,0022300423,2023-12-28,MIN vs. DAL,W,18,3,5,0.6,3,5,0.6,0,0,0.0,0,4,4,2,0,0,3,4,9,12,1,19.0,2.0,0,23.5,0
22023,1629675,0022300443,2023-12-30,MIN vs. LAL,W,27,8,11,0.727,2,5,0.4,3,4,0.75,0,5,5,1,2,2,2,3,21,13,1,18.0,2.0,0,22.4,1
22023,1629675,0022300451,2024-01-01,MIN @ NYK,L,19,2,6,0.333,1,4,0.25,0,0,0.0,0,2,2,0,0,0,0,5,5,-5,1,27.0,2.0,1,22.7,0
22023,1629675,0022300471,2024-01-03,MIN vs. NOP,L,25,3,8,0.375,2,5,0.4,0,0,0.0,0,6,6,2,0,2,1,2,8,3,1,19.0,2.0,0,22.2,1
22023,1629675,0022300485,2024-01-05,MIN @ HOU,W,25,6,11,0.545,3,6,0.5,1,2,0.5,1,6,7,2,0,1,0,1,16,21,1,25.0,2.0,1,21.6,1
22023,1629675,0022300501,2024-01-07,MIN @ DAL,L,27,7,12,0.583,1,4,0.25,0,2,0.0,4,5,9,0,0,0,0,2,15,-1,1,25.0,2.0,1,21.4,1
22023,1629675,0022300513,2024-01-09,MIN @ ORL,W,21,5,8,0.625,2,4,0.5,1,2,0.5,2,8,10,2,0,0,3,3,13,1,1,27.0,2.0,1,22.0,0
22023,1629675,0022300517,2024-01-10,MIN @ BOS,L,37,7,15,0.467,3,7,0.429,2,2,1.0,3,7,10,3,0,3,1,4,19,2,1,21.0,1.0,1,22.1,1
22023,1629675,0022300538,2024-01-12,MIN vs. POR,W,21,5,10,0.5,2,6,0.333,2,5,0.4,1,2,3,1,2,0,0,2,14,-4,1,37.0,2.0,0,23.7,0
22023,1629675,0022300553,2024-01-14,MIN vs. LAC,W,14,3,5,0.6,2,3,0.667,0,0,0.0,0,1,1,1,2,0,1,2,8,6,1,21.0,2.0,0,23.9,0
22023,1629675,0022300569,2024-01-17,MIN @ DET,W,23,3,9,0.333,1,4,0.25,2,4,0.5,0,4,4,1,3,0,1,0,9,3,1,14.0,3.0,1,23.4,0
22023,1629675,0022300582,2024-01-18,MIN vs. MEM,W,24,8,13,0.615,4,5,0.8,0,0,0.0,0,3,3,1,2,1,0,2,20,16,1,23.0,1.0,0,23.9,0
22023,1629675,0022300599,2024-01-20,MIN vs. OKC,L,26,7,13,0.538,4,8,0.5,0,0,0.0,0,3,3,0,0,4,4,3,18,17,1,24.0,2.0,0,23.6,1
22023,1629675,0022300610,2024-01-22,MIN vs. CHA,L,15,2,5,0.4,1,4,0.25,0,0,0.0,0,0,0,0,1,0,1,3,5,6,1,26.0,2.0,0,24.3,0
22023,1629675,0022300620,2024-01-24,MIN @ WAS,W,21,2,9,0.222,1,3,0.333,0,0,0.0,0,3,3,2,1,1,0,1,5,4,1,15.0,2.0,1,23.3,0
22023,1629675,0022300629,2024-01-25,MIN @ BKN,W,23,2,7,0.286,1,3,0.333,0,0,0.0,1,3,4,2,0,1,1,3,5,8,1,21.0,1.0,1,22.9,0
22023,1629675,0022300649,2024-01-27,MIN @ SAS,L,22,5,12,0.417,2,5,0.4,1,2,0.5,0,2,2,0,0,3,1,2,13,5,1,23.0,2.0,1,22.5,0
22023,1629675,0022300664,2024-01-29,MIN @ OKC,W,21,3,10,0.3,3,5,0.6,0,0,0.0,0,5,5,2,0,0,2,0,9,-7,1,22.0,2.0,1,22.6,0
22023,1629675,0022300680,2024-01-31,MIN vs. DAL,W,26,4,10,0.4,3,5,0.6,1,4,0.25,1,7,8,2,1,1,0,3,12,23,1,21.0,2.0,0,21.0,1
22023,1629675,0022300694,2024-02-02,MIN vs. ORL,L,22,4,5,0.8,1,2,0.5,0,0,0.0,0,5,5,1,0,0,2,1,9,4,1,26.0,2.0,0,21.5,0
22023,1629675,0022300709,2024-02-04,MIN vs. HOU,W,22,5,11,0.455,1,4,0.25,2,3,0.667,0,6,6,0,1,2,1,2,13,4,1,22.0,2.0,0,22.3,0
22023,1629675,0022300723,2024-02-06,MIN @ CHI,L,20,4,11,0.364,2,6,0.333,0,0,0.0,0,4,4,2,0,1,0,1,10,3,1,22.0,2.0,1,22.2,0
22023,1629675,0022300738,2024-02-08,MIN @ MIL,W,24,6,11,0.545,2,4,0.5,3,3,1.0,1,3,4,0,1,1,1,1,17,6,1,20.0,2.0,1,21.8,1
22023,1629675,0022300770,2024-02-12,MIN @ LAC,W,27,5,9,0.556,1,2,0.5,0,0,0.0,0,7,7,1,0,0,2,3,11,17,1,24.0,4.0,1,21.6,1
22023,1629675,0022300775,2024-02-13,MIN @ POR,W,25,4,8,0.5,1,3,0.333,1,2,0.5,0,3,3,1,1,2,0,2,10,18,1,27.0,1.0,1,22.8,0
22023,1629675,0022300791,2024-02-15,MIN @ POR,W,22,4,8,0.5,2,2,1.0,0,0,0.0,1,2,3,0,0,0,0,4,10,16,1,25.0,2.0,1,23.2,0
22023,1629675,0022300808,2024-02-23,MIN vs. MIL,L,23,2,10,0.2,1,6,0.167,3,4,0.75,1,3,4,1,1,0,1,2,8,-13,1,22.0,8.0,0,23.1,0
22023,1629675,0022300815,2024-02-24,MIN vs. BKN,W,27,2,9,0.222,0,5,0.0,2,4,0.5,4,5,9,1,0,3,3,4,6,8,1,23.0,1.0,0,23.2,1
22023,1629675,0022300838,2024-02-27,MIN vs. SAS,W,33,8,10,0.8,1,2,0.5,5,5,1.0,2,4,6,1,2,1,2,2,22,8,1,27.0,3.0,0,23.8,1
22023,1629675,0022300845,2024-02-28,MIN vs. MEM,W,26,6,11,0.545,4,6,0.667,3,3,1.0,1,5,6,2,0,2,0,5,19,18,1,33.0,1.0,0,24.5,0
22023,1629675,0022300862,2024-03-01,MIN vs. SAC,L,36,8,18,0.444,1,6,0.167,1,1,1.0,2,5,7,3,1,0,1,0,18,2,1,26.0,2.0,0,24.9,1
22023,1629675,0022300873,2024-03-03,MIN vs. LAC,L,21,0,7,0.0,0,3,0.0,3,4,0.75,3,8,11,2,0,1,2,1,3,-18,1,36.0,2.0,0,26.3,0
22023,1629675,0022300881,2024-03-04,MIN vs. POR,W,23,4,5,0.8,4,4,1.0,0,2,0.0,0,5,5,0,0,1,1,0,12,16,1,21.0,1.0,0,26.4,0
22023,1629675,0022300903,2024-03-07,MIN @ IND,W,26,6,15,0.4,1,4,0.25,0,0,0.0,2,6,8,2,1,1,2,2,13,-12,1,23.0,3.0,1,26.3,0
22023,1629675,0022300911,2024-03-08,MIN @ CLE,L,32,10,18,0.556,7,11,0.636,7,8,0.875,0,5,5,2,1,2,1,4,34,-9,1,26.0,1.0,1,26.2,1
22023,1629675,0022300932,2024-03-10,MIN @ LAL,L,42,9,17,0.529,5,10,0.5,2,3,0.667,0,5,5,3,0,4,3,4,25,-10,1,32.0,2.0,1,26.9,1
22023,1629675,0022300944,2024-03-12,MIN @ LAC,W,22,3,7,0.429,0,3,0.0,0,0,0.0,1,4,5,3,1,1,0,3,6,15,1,42.0,2.0,1,28.9,0
22023,1629675,0022300974,2024-03-16,MIN @ UTA,W,35,7,18,0.389,4,11,0.364,4,5,0.8,0,12,12,5,2,2,0,1,22,17,1,22.0,4.0,1,28.8,1
22023,1629675,0022300987,2024-03-18,MIN @ UTA,W,17,7,12,0.583,2,4,0.5,1,2,0.5,2,2,4,0,0,1,1,1,17,3,1,35.0,2.0,1,29.6,0
22023,1629675,0022301014,2024-03-22,MIN vs. CLE,W,26,7,15,0.467,3,8,0.375,1,1,1.0,0,3,3,3,1,0,1,3,18,10,1,17.0,4.0,0,28.0,0
22023,1629675,0022301031,2024-03-24,MIN vs. GSW,W,29,7,11,0.636,6,8,0.75,0,0,0.0,2,10,12,0,1,2,6,3,20,-6,1,26.0,2.0,0,28.0,0
22023,1629675,0022301056,2024-03-27,MIN vs. DET,W,31,9,18,0.5,1,8,0.125,2,2,1.0,1,9,10,4,0,0,0,2,21,9,1,29.0,3.0,0,27.3,1
22023,1629675,0022301071,2024-03-29,MIN @ DEN,W,33,2,12,0.167,0,5,0.0,3,4,0.75,0,6,6,2,2,0,1,3,7,14,1,31.0,2.0,1,28.3,1
22023,1629675,0022301084,2024-03-31,MIN vs. CHI,L,31,5,14,0.357,3,9,0.333,1,1,1.0,0,3,3,4,1,2,3,2,14,-4,1,33.0,2.0,0,29.3,0
22023,1629675,0022301098,2024-04-02,MIN vs. HOU,W,34,10,17,0.588,3,5,0.6,2,2,1.0,1,5,6,2,2,1,3,1,25,5,1,31.0,2.0,0,29.8,1
22023,1629675,0022301108,2024-04-03,MIN vs. TOR,W,26,8,15,0.533,6,10,0.6,1,2,0.5,1,6,7,1,1,2,2,0,23,12,1,34.0,1.0,0,30.0,0
22023,1629675,0022301125,2024-04-05,MIN @ PHX,L,32,3,13,0.231,1,5,0.2,1,2,0.5,1,10,11,2,2,2,5,3,8,-19,1,26.0,2.0,1,28.4,1
22023,1629675,0022301143,2024-04-07,MIN @ LAL,W,35,12,16,0.75,6,8,0.75,1,3,0.333,1,10,11,1,2,1,1,5,31,11,1,32.0,2.0,1,29.4,1
22023,1629675,0022301152,2024-04-09,MIN vs. WAS,W,8,1,5,0.2,1,2,0.5,0,0,0.0,0,2,2,0,1,1,0,1,3,-15,1,35.0,2.0,0,29.4,0
22023,1629675,0022301164,2024-04-10,MIN @ DEN,L,30,6,19,0.316,0,4,0.0,1,5,0.2,1,5,6,2,2,1,0,4,13,3,1,8.0,1.0,1,28.5,0
22023,1629675,0022301178,2024-04-12,MIN vs. ATL,W,28,5,10,0.5,2,5,0.4,7,8,0.875,0,3,3,2,0,1,2,2,19,-3,1,30.0,2.0,0,28.9,0
22023,1629675,0022301194,2024-04-14,MIN vs. PHX,L,20,4,8,0.5,2,5,0.4,0,0,0.0,0,4,4,1,1,0,4,4,10,-17,1,28.0,2.0,0,28.8,0
22024,1629675,0022400008,2024-11-12,MIN @ POR,L,34,10,17,0.588,4,8,0.5,4,4,1.0,0,6,6,1,1,0,1,4,28,-15,1,23.0,2.0,1,23.8,1
22024,1629675,0022400226,2024-11-13,MIN @ POR,L,28,5,12,0.417,2,8,0.25,3,4,0.75,1,2,3,2,1,1,0,3,15,-11,1,34.0,1.0,1,24.6,1
22024,1629675,0022400020,2024-11-15,MIN @ SAC,W,24,7,12,0.583,2,4,0.5,0,0,0.0,1,4,5,2,0,0,0,1,16,-20,1,28.0,2.0,1,24.7,0
22024,1629675,0022400234,2024-11-17,MIN vs. PHX,W,22,4,10,0.4,1,6,0.167,4,5,0.8,2,2,4,1,1,0,2,1,13,-15,1,24.0,2.0,0,25.0,0
22024,1629675,0022400261,2024-11-21,MIN @ TOR,L,22,1,8,0.125,0,3,0.0,0,0,0.0,2,2,4,1,0,1,2,5,2,-4,1,22.0,4.0,1,24.6,0
22024,1629675,0022400271,2024-11-24,MIN @ BOS,L,26,2,9,0.222,1,6,0.167,0,0,0.0,0,5,5,2,1,0,2,3,5,10,1,22.0,3.0,1,24.5,0
22024,1629675,0022400037,2024-11-26,MIN vs. HOU,L,27,7,14,0.5,3,7,0.429,2,2,1.0,1,6,7,0,2,0,2,0,19,6,1,26.0,2.0,0,24.5,1
22024,1629675,0022400294,2024-11-27,MIN vs. SAC,L,24,3,7,0.429,0,3,0.0,1,2,0.5,0,3,3,1,3,3,3,3,7,-5,1,27.0,1.0,0,24.6,0
22024,1629675,0022400044,2024-11-29,MIN vs. LAC,W,23,3,9,0.333,1,6,0.167,1,1,1.0,0,6,6,1,1,2,1,0,8,-2,1,24.0,2.0,0,25.2,0
22024,1629675,0022400318,2024-12-02,MIN vs. LAL,W,28,6,11,0.545,2,5,0.4,1,1,1.0,0,2,2,2,2,1,0,3,15,22,1,23.0,3.0,0,25.3,1
22024,1629675,0022400324,2024-12-04,MIN @ LAC,W,21,1,4,0.25,0,2,0.0,2,2,1.0,0,4,4,1,0,2,1,1,4,15,1,28.0,2.0,1,25.8,0
22024,1629675,0022400338,2024-12-06,MIN @ GSW,W,32,4,10,0.4,1,5,0.2,0,0,0.0,1,9,10,4,3,2,0,1,9,20,1,21.0,2.0,1,24.5,1
22024,1629675,0022400355,2024-12-08,MIN @ GSW,L,21,3,8,0.375,1,6,0.167,3,5,0.6,0,6,6,2,0,2,2,2,10,-2,1,32.0,2.0,1,24.9,0
22024,1629675,0022401210,2024-12-13,MIN vs. LAL,W,26,3,10,0.3,2,2,1.0,2,2,1.0,1,4,5,0,0,1,2,3,10,-6,1,21.0,5.0,0,24.6,0
22024,1629675,0022401218,2024-12-15,MIN @ SAS,W,27,1,10,0.1,0,4,0.0,1,1,1.0,0,8,8,3,0,1,0,1,3,26,1,26.0,2.0,1,25.0,0
22024,1629675,0022400367,2024-12-19,MIN vs. NYK,L,16,1,7,0.143,1,4,0.25,0,0,0.0,0,2,2,2,0,0,1,4,3,-6,1,27.0,4.0,0,25.5,0
22024,1629675,0022400383,2024-12-21,MIN vs. GSW,L,25,6,11,0.545,4,7,0.571,0,0,0.0,1,3,4,2,0,1,3,3,16,-12,1,16.0,2.0,0,24.5,0
22024,1629675,0022400395,2024-12-23,MIN @ ATL,L,29,10,19,0.526,3,10,0.3,0,0,0.0,2,1,3,3,1,0,1,2,23,-13,1,25.0,2.0,1,24.3,1
22024,1629675,0022400406,2024-12-25,MIN @ DAL,W,22,3,6,0.5,0,0,0.0,0,0,0.0,0,2,2,2,1,0,1,1,6,-3,1,29.0,2.0,1,24.8,0
22024,1629675,0022400422,2024-12-27,MIN @ HOU,W,24,6,12,0.5,1,5,0.2,1,3,0.333,2,1,3,1,0,1,2,6,14,14,1,22.0,2.0,1,24.7,0
22024,1629675,0022400441,2024-12-29,MIN vs. SAS,W,21,5,11,0.455,1,4,0.25,0,2,0.0,0,4,4,2,1,1,0,4,11,4,1,24.0,2.0,0,24.3,0
22024,1629675,0022400452,2024-12-31,MIN @ OKC,L,33,8,14,0.571,1,5,0.2,2,2,1.0,2,6,8,1,1,3,4,4,19,-8,1,21.0,2.0,1,24.3,1
22024,1629675,0022400464,2025-01-02,MIN vs. BOS,L,26,6,11,0.545,4,5,0.8,4,4,1.0,3,2,5,3,0,0,2,1,20,-4,1,33.0,2.0,0,24.4,0
22024,1629675,0022400479,2025-01-04,MIN @ DET,L,25,2,7,0.286,2,4,0.5,3,4,0.75,0,3,3,1,0,0,0,2,9,-7,1,26.0,2.0,1,24.9,0
22024,1629675,0022400500,2025-01-06,MIN vs. LAC,W,31,8,14,0.571,1,5,0.2,1,3,0.333,1,6,7,3,1,2,1,5,18,-10,1,25.0,2.0,0,24.8,1
22024,1629675,0022400505,2025-01-07,MIN @ NOP,W,23,6,16,0.375,1,5,0.2,0,1,0.0,6,6,12,1,0,1,3,2,13,0,1,31.0,1.0,1,25.2,0
22024,1629675,0022400519,2025-01-09,MIN @ ORL,W,23,5,9,0.556,2,4,0.5,4,6,0.667,0,3,3,1,2,1,0,1,16,14,1,23.0,2.0,1,25.9,0
22024,1629675,0022400535,2025-01-11,MIN vs. MEM,L,30,7,10,0.7,5,7,0.714,0,0,0.0,1,5,6,3,0,1,2,1,19,2,1,23.0,2.0,0,25.7,1
22024,1629675,0022400548,2025-01-13,MIN @ WAS,W,24,3,5,0.6,3,4,0.75,3,4,0.75,0,5,5,1,3,1,0,4,12,7,1,30.0,2.0,1,25.8,0
22024,1629675,0022400565,2025-01-15,MIN vs. GSW,L,29,5,13,0.385,3,7,0.429,2,2,1.0,2,4,6,1,0,1,0,0,15,8,1,24.0,2.0,0,26.0,1
22024,1629675,0022400578,2025-01-17,MIN @ NYK,W,25,8,11,0.727,6,6,1.0,1,2,0.5,2,6,8,1,1,0,1,4,23,1,1,29.0,2.0,1,26.5,0
22024,1629675,0022400590,2025-01-18,MIN vs. CLE,L,26,6,12,0.5,4,8,0.5,0,0,0.0,0,2,2,4,2,2,0,3,16,-15,1,25.0,1.0,0,26.9,0
22024,1629675,0022400601,2025-01-20,MIN @ MEM,L,33,11,20,0.55,5,10,0.5,2,2,1.0,3,5,8,1,0,0,2,3,29,2,1,26.0,2.0,1,26.2,1
22024,1629675,0022400614,2025-01-22,MIN @ DAL,W,27,5,9,0.556,2,3,0.667,0,0,0.0,0,6,6,1,1,0,0,3,12,-1,1,33.0,2.0,1,26.9,0
22024,1629675,0022400634,2025-01-25,MIN vs. DEN,W,25,5,9,0.556,1,2,0.5,2,2,1.0,2,0,2,4,2,2,2,1,13,14,1,27.0,3.0,0,27.1,0
22024,1629675,0022400656,2025-01-27,MIN vs. ATL,W,29,6,9,0.667,3,5,0.6,0,0,0.0,0,3,3,2,0,0,2,1,15,4,1,25.0,2.0,0,26.5,0
22024,1629675,0022400677,2025-01-30,MIN @ UTA,W,28,4,5,0.8,4,5,0.8,0,0,0.0,0,4,4,4,1,0,0,1,12,35,1,29.0,3.0,1,27.1,0
22024,1629675,0022400690,2025-02-01,MIN vs. WAS,L,20,3,10,0.3,2,6,0.333,0,0,0.0,0,3,3,0,0,0,1,1,8,-9,1,28.0,2.0,0,27.6,0
22024,1629675,0022400704,2025-02-03,MIN vs. SAC,L,40,12,19,0.632,5,9,0.556,1,1,1.0,1,4,5,3,0,2,0,1,30,3,1,20.0,2.0,0,26.6,1
22024,1629675,0022400723,2025-02-05,MIN vs. CHI,W,36,8,19,0.421,4,10,0.4,2,2,1.0,2,8,10,6,1,2,1,3,22,16,1,40.0,2.0,0,28.2,1
22024,1629675,0022400729,2025-02-06,MIN vs. HOU,W,36,6,16,0.375,2,8,0.25,1,1,1.0,4,7,11,4,2,2,2,2,15,25,1,36.0,1.0,0,28.9,1
22024,1629675,0022400747,2025-02-08,MIN vs. POR,W,38,9,16,0.563,5,9,0.556,0,2,0.0,0,8,8,2,2,0,4,5,23,29,1,36.0,2.0,0,30.0,1
22024,1629675,0022400755,2025-02-10,MIN @ CLE,L,35,4,12,0.333,1,6,0.167,1,2,0.5,2,4,6,4,0,2,1,3,10,-9,1,38.0,2.0,1,31.2,1
22024,1629675,0022400776,2025-02-12,MIN vs. MIL,L,33,7,17,0.412,1,7,0.143,7,7,1.0,2,11,13,2,0,1,2,2,22,10,1,35.0,2.0,0,31.4,0
22024,1629675,0022400787,2025-02-13,MIN vs. OKC,W,38,11,18,0.611,3,9,0.333,2,2,1.0,4,10,14,7,0,1,0,1,27,10,1,33.0,1.0,0,32.0,1
22024,1629675,0022400801,2025-02-21,MIN @ HOU,L,34,9,16,0.563,2,6,0.333,2,2,1.0,1,7,8,3,1,3,0,5,22,-10,1,38.0,8.0,1,33.3,0
22024,1629675,0022400820,2025-02-23,MIN vs. OKC,L,40,6,18,0.333,3,9,0.333,7,7,1.0,2,9,11,2,0,4,2,3,22,6,1,34.0,2.0,0,33.8,1
22024,1629675,0022400826,2025-02-24,MIN @ OKC,W,41,7,21,0.333,2,8,0.25,6,6,1.0,2,9,11,3,0,0,2,2,22,3,1,40.0,1.0,1,35.0,1
22024,1629675,0022400849,2025-02-27,MIN @ LAL,L,31,1,10,0.1,0,5,0.0,1,2,0.5,4,8,12,2,0,0,3,4,3,-9,1,41.0,3.0,1,37.1,0
22024,1629675,0022400858,2025-02-28,MIN @ UTA,L,41,10,25,0.4,6,15,0.4,1,2,0.5,4,7,11,5,3,1,2,3,27,-5,1,31.0,1.0,1,36.2,1
22024,1629675,0022400873,2025-03-02,MIN @ PHX,W,39,3,15,0.2,1,8,0.125,0,2,0.0,0,10,10,5,2,1,1,3,7,26,1,41.0,2.0,1,36.7,0
22024,1629675,0022400887,2025-03-04,MIN vs. PHI,W,33,9,18,0.5,5,10,0.5,0,0,0.0,1,5,6,2,1,1,3,2,23,12,1,39.0,2.0,0,37.0,0
22024,1629675,0022400892,2025-03-05,MIN @ CHA,W,35,5,12,0.417,2,7,0.286,1,2,0.5,1,9,10,2,0,0,1,3,13,20,1,33.0,1.0,1,36.5,0
22024,1629675,0022400907,2025-03-07,MIN @ MIA,W,34,6,13,0.462,3,7,0.429,0,0,0.0,1,3,4,3,0,2,1,3,15,19,1,35.0,2.0,1,36.5,0
22024,1629675,0022400925,2025-03-09,MIN vs. SAS,W,27,8,15,0.533,4,8,0.5,0,0,0.0,1,6,7,4,0,2,2,2,20,7,1,34.0,2.0,0,36.6,0
22024,1629675,0022400952,2025-03-12,MIN @ DEN,W,26,3,7,0.429,2,5,0.4,0,0,0.0,0,5,5,2,1,1,3,4,8,17,1,27.0,3.0,1,35.5,0
22024,1629675,0022400963,2025-03-14,MIN vs. ORL,W,27,3,9,0.333,2,6,0.333,0,2,0.0,0,7,7,3,1,2,2,4,8,7,1,26.0,2.0,0,34.7,0
22024,1629675,0022400981,2025-03-16,MIN vs. UTA,W,20,2,10,0.2,0,5,0.0,1,2,0.5,4,5,9,3,3,1,3,1,5,11,1,27.0,2.0,0,33.4,0
22024,1629675,0022400986,2025-03-17,MIN vs. IND,L,30,9,16,0.563,3,7,0.429,0,0,0.0,1,3,4,0,1,1,2,3,21,5,1,20.0,1.0,0,31.3,0
22024,1629675,0022401001,2025-03-19,MIN vs. NOP,L,34,3,11,0.273,2,7,0.286,1,2,0.5,2,5,7,4,1,1,1,1,9,6,1,30.0,2.0,0,31.2,0
22024,1629675,0022401016,2025-03-21,MIN vs. NOP,W,24,6,13,0.462,3,8,0.375,0,0,0.0,0,5,5,6,1,0,0,1,15,19,1,34.0,2.0,0,30.5,0
22024,1629675,0022401037,2025-03-24,MIN @ IND,L,26,8,13,0.615,3,6,0.5,1,2,0.5,0,3,3,2,0,0,1,2,20,-5,1,24.0,3.0,1,29.0,0
22024,1629675,0022401071,2025-03-28,MIN vs. PHX,W,26,3,7,0.429,3,5,0.6,0,0,0.0,1,6,7,4,1,0,1,2,9,3,1,26.0,4.0,0,28.3,0
22024,1629675,0022401084,2025-03-30,MIN vs. DET,W,10,1,3,0.333,0,1,0.0,0,0,0.0,0,2,2,1,0,0,0,0,2,0,1,26.0,2.0,0,27.4,0
22024,1629675,0022401113,2025-04-03,MIN @ BKN,W,26,5,9,0.556,1,4,0.25,2,2,1.0,0,2,2,3,0,1,2,1,13,9,1,10.0,4.0,1,25.0,0
22024,1629675,0022401130,2025-04-05,MIN @ PHI,W,27,4,10,0.4,0,5,0.0,1,2,0.5,0,7,7,2,0,2,5,3,9,11,1,26.0,2.0,1,24.9,0
22024,1629675,0022401152,2025-04-08,MIN @ MIL,L,26,7,12,0.583,3,7,0.429,0,0,0.0,1,3,4,3,1,0,0,1,17,7,1,27.0,3.0,1,25.0,0
22024,1629675,0022401170,2025-04-10,MIN @ MEM,W,24,4,13,0.308,1,5,0.2,5,5,1.0,3,3,6,1,0,0,2,5,14,-7,1,26.0,2.0,1,24.9,0
22024,1629675,0022401179,2025-04-11,MIN vs. BKN,W,26,3,6,0.5,1,3,0.333,0,0,0.0,2,3,5,2,0,1,0,0,7,7,1,24.0,1.0,0,25.3,0
22024,1629675,0022401195,2025-04-13,MIN vs. UTA,W,25,5,10,0.5,0,3,0.0,1,1,1.0,3,5,8,2,0,0,1,2,11,9,1,26.0,2.0,0,24.9,0
22025,1629675,0022500205,2025-11-10,MIN @ UTA,W,28,3,10,0.3,1,7,0.143,0,0,0.0,1,4,5,3,1,1,0,1,7,-14,1,25.0,1.0,1,23.1,1
22025,1629675,0022500044,2025-11-14,MIN vs. SAC,W,25,5,12,0.417,2,6,0.333,0,0,0.0,3,9,12,4,2,2,3,5,12,0,1,28.0,4.0,0,23.9,0
22025,1629675,0022500232,2025-11-15,MIN vs. DEN,L,31,7,11,0.636,4,7,0.571,1,2,0.5,1,5,6,3,1,0,1,6,19,7,1,25.0,1.0,0,24.1,1
22025,1629675,0022500246,2025-11-17,MIN vs. DAL,W,23,9,14,0.643,3,6,0.5,1,1,1.0,1,11,12,2,0,0,3,2,22,18,1,31.0,2.0,0,24.9,0
22025,1629675,0022500259,2025-11-19,MIN vs. WAS,W,27,11,21,0.524,5,10,0.5,1,1,1.0,3,2,5,1,2,1,1,2,28,16,1,23.0,2.0,0,24.5,1
22025,1629675,0022500053,2025-11-21,MIN @ PHX,L,27,4,10,0.4,1,3,0.333,0,0,0.0,1,1,2,2,2,2,1,2,9,-9,1,27.0,2.0,1,25.0,0
22025,1629675,0022500292,2025-11-24,MIN @ SAC,L,23,6,15,0.4,1,6,0.167,2,2,1.0,3,4,7,0,0,1,1,4,15,0,1,27.0,3.0,1,25.5,0
22025,1629675,0022500064,2025-11-26,MIN @ OKC,L,24,4,11,0.364,2,5,0.4,2,2,1.0,1,1,2,3,0,1,1,3,12,-16,1,23.0,2.0,1,25.4,0
22025,1629675,0022500293,2025-11-29,MIN vs. BOS,W,28,4,9,0.444,2,6,0.333,0,0,0.0,0,8,8,2,1,2,3,1,10,4,1,24.0,3.0,0,25.7,0
22025,1629675,0022500306,2025-11-30,MIN vs. SAS,W,30,6,11,0.545,3,7,0.429,0,0,0.0,1,4,5,3,2,0,2,3,15,8,1,28.0,1.0,0,26.1,1
22025,1629675,0022500321,2025-12-02,MIN @ NOP,W,32,6,12,0.5,4,8,0.5,2,2,1.0,0,5,5,6,2,0,2,4,18,5,1,30.0,2.0,1,26.6,1
22025,1629675,0022500337,2025-12-04,MIN @ NOP,W,33,6,13,0.462,4,9,0.444,3,3,1.0,0,7,7,6,1,2,0,1,19,8,1,32.0,2.0,1,27.0,1
22025,1629675,0022500355,2025-12-06,MIN vs. LAC,W,28,7,11,0.636,5,8,0.625,0,0,0.0,2,7,9,3,0,0,2,3,19,10,1,33.0,2.0,0,27.8,0
22025,1629675,0022500365,2025-12-08,MIN vs. PHX,L,30,2,12,0.167,2,10,0.2,0,0,0.0,1,8,9,0,1,0,1,0,6,-3,1,28.0,2.0,0,27.5,0
22025,1629675,0022501215,2025-12-12,MIN @ GSW,W,30,7,14,0.5,3,7,0.429,1,2,0.5,0,4,4,7,1,0,0,1,18,7,1,30.0,4.0,1,28.2,0
22025,1629675,0022501220,2025-12-14,MIN vs. SAC,W,35,7,12,0.583,4,7,0.571,2,2,1.0,1,10,11,3,2,1,2,4,20,5,1,30.0,2.0,0,28.5,1
22025,1629675,0022500368,2025-12-17,MIN vs. MEM,L,30,6,16,0.375,3,11,0.273,1,1,1.0,0,7,7,2,1,1,2,4,16,-5,1,35.0,3.0,0,29.3,0
22025,1629675,0022500385,2025-12-19,MIN vs. OKC,W,31,5,10,0.5,0,4,0.0,5,7,0.714,1,5,6,2,3,2,1,3,15,0,1,30.0,2.0,0,30.0,0
22025,1629675,0022500400,2025-12-21,MIN vs. MIL,W,29,5,12,0.417,2,8,0.25,0,0,0.0,1,5,6,2,1,0,4,2,12,17,1,31.0,2.0,0,30.7,0
22025,1629675,0022500416,2025-12-23,MIN vs. NYK,W,25,3,12,0.25,2,9,0.222,0,0,0.0,0,11,11,1,0,2,1,1,8,11,1,29.0,2.0,0,30.8,0
22025,1629675,0022500013,2025-12-25,MIN @ DEN,L,28,5,13,0.385,2,7,0.286,1,1,1.0,1,5,6,3,0,0,1,3,13,-4,1,25.0,2.0,1,30.3,0
22025,1629675,0022500439,2025-12-27,MIN vs. BKN,L,29,5,11,0.455,3,8,0.375,0,0,0.0,2,2,4,1,0,0,1,4,13,-12,1,28.0,2.0,0,29.9,0
22025,1629675,0022500452,2025-12-29,MIN @ CHI,W,27,11,18,0.611,6,10,0.6,5,5,1.0,1,6,7,3,0,0,1,0,33,24,1,29.0,2.0,1,29.5,0
22025,1629675,0022500463,2025-12-31,MIN @ ATL,L,22,2,10,0.2,0,5,0.0,2,2,1.0,1,6,7,1,0,1,3,4,6,-23,1,27.0,2.0,1,29.4,0
22025,1629675,0022500486,2026-01-03,MIN @ MIA,W,25,10,15,0.667,4,7,0.571,5,5,1.0,1,3,4,3,0,2,2,1,29,11,1,22.0,3.0,1,28.6,0
22025,1629675,0022500498,2026-01-04,MIN @ WAS,W,20,4,8,0.5,0,2,0.0,1,2,0.5,2,5,7,3,0,1,1,0,9,19,1,25.0,1.0,1,28.1,0
22025,1629675,0022500513,2026-01-06,MIN vs. MIA,W,25,6,12,0.5,2,5,0.4,0,0,0.0,1,5,6,2,1,1,0,3,14,21,1,20.0,2.0,0,26.6,0
22025,1629675,0022500530,2026-01-08,MIN vs. CLE,W,24,3,6,0.5,2,4,0.5,1,2,0.5,2,4,6,3,1,1,4,1,9,-21,1,25.0,2.0,0,26.1,0
22025,1629675,0022500542,2026-01-10,MIN @ CLE,L,28,9,12,0.75,5,6,0.833,2,2,1.0,2,3,5,3,0,2,3,3,25,-4,1,24.0,2.0,1,25.4,1
22025,1629675,0022500552,2026-01-11,MIN vs. SAS,W,31,7,18,0.389,3,7,0.429,0,0,0.0,3,8,11,2,2,1,2,2,17,23,1,28.0,1.0,0,25.3,1
22025,1629675,0022500566,2026-01-13,MIN @ MIL,W,28,8,12,0.667,2,6,0.333,1,3,0.333,0,3,3,2,1,0,2,3,19,18,1,31.0,2.0,1,25.9,0
22025,1629675,0022500591,2026-01-16,MIN @ HOU,L,32,8,11,0.727,5,7,0.714,4,5,0.8,0,9,9,4,1,1,2,4,25,0,1,28.0,3.0,1,25.9,1
22025,1629675,0022500598,2026-01-17,MIN @ SAS,L,5,0,1,0.0,0,0,0.0,0,0,0.0,0,0,0,0,1,0,0,0,0,0,1,32.0,1.0,1,26.2,0
22025,1629675,0022500616,2026-01-20,MIN @ UTA,L,28,5,15,0.333,3,9,0.333,0,0,0.0,3,6,9,4,0,0,0,4,13,-3,1,5.0,3.0,1,24.0,1
22025,1629675,0022500631,2026-01-22,MIN vs. CHI,L,29,8,12,0.667,4,7,0.571,0,0,0.0,0,6,6,5,2,3,3,4,20,4,1,28.0,2.0,0,24.6,1
22025,1629675,0022500644,2026-01-25,MIN vs. GSW,L,25,0,4,0.0,0,2,0.0,0,2,0.0,1,9,10,1,0,1,2,1,0,-9,1,29.0,3.0,0,25.0,0
22025,1629675,0022500663,2026-01-26,MIN vs. GSW,W,25,6,12,0.5,3,7,0.429,0,0,0.0,1,6,7,3,3,1,3,3,15,30,1,25.0,1.0,0,25.5,0
22025,1629675,0022500677,2026-01-28,MIN @ DAL,W,28,9,17,0.529,3,10,0.3,2,2,1.0,1,7,8,3,3,1,4,4,23,6,1,25.0,2.0,1,25.5,0
22025,1629675,0022500686,2026-01-29,MIN vs. OKC,W,29,6,10,0.6,4,8,0.5,2,4,0.5,1,6,7,2,0,1,2,3,18,11,1,28.0,1.0,0,25.9,1
22025,1629675,0022500700,2026-01-31,MIN @ MEM,W,31,7,14,0.5,6,10,0.6,0,0,0.0,1,8,9,5,3,0,1,1,20,15,1,29.0,2.0,1,26.0,1
22025,1629675,0022500714,2026-02-02,MIN @ MEM,L,26,4,12,0.333,1,6,0.167,1,1,1.0,3,3,6,1,1,4,2,3,10,-18,1,31.0,2.0,1,26.0,0
22025,1629675,0022500727,2026-02-04,MIN @ TOR,W,29,6,13,0.462,4,7,0.571,1,2,0.5,3,5,8,3,1,0,0,4,17,2,1,26.0,2.0,1,25.8,1
22025,1629675,0022500744,2026-02-06,MIN vs. NOP,L,25,3,9,0.333,1,5,0.2,0,0,0.0,0,3,3,3,2,1,2,1,7,1,1,29.0,2.0,0,25.5,0
22025,1629675,0022500760,2026-02-08,MIN vs. LAC,L,24,4,9,0.444,0,3,0.0,0,0,0.0,3,6,9,3,1,0,1,4,8,-17,1,25.0,2.0,0,27.5,0
22025,1629675,0022500765,2026-02-09,MIN vs. ATL,W,21,3,8,0.375,0,5,0.0,1,2,0.5,0,6,6,2,2,1,1,2,7,6,1,24.0,1.0,0,27.1,0
22025,1629675,0022500783,2026-02-11,MIN vs. POR,W,24,4,8,0.5,2,5,0.4,1,2,0.5,0,7,7,2,0,2,2,2,11,6,1,21.0,2.0,0,26.3,0
22025,1629675,0022500806,2026-02-20,MIN vs. DAL,W,30,8,14,0.571,4,8,0.5,1,2,0.5,1,6,7,4,1,2,2,1,21,12,1,24.0,9.0,0,26.2,1
22025,1629675,0022500841,2026-02-24,MIN @ POR,W,23,3,7,0.429,2,3,0.667,0,0,0.0,1,2,3,2,2,1,2,4,8,3,1,30.0,4.0,1,26.7,0
22025,1629675,0022500857,2026-02-26,MIN @ LAC,W,29,5,10,0.5,0,2,0.0,1,2,0.5,1,6,7,0,1,2,1,2,11,7,1,23.0,2.0,1,26.2,1
22025,1629675,0022500871,2026-03-01,MIN @ DEN,W,26,5,11,0.455,1,5,0.2,0,1,0.0,0,6,6,2,1,1,2,3,11,-1,1,29.0,3.0,1,26.2,0
22025,1629675,0022500890,2026-03-03,MIN vs. MEM,W,23,1,8,0.125,0,4,0.0,1,2,0.5,2,4,6,1,1,1,2,1,3,2,1,26.0,2.0,0,25.7,0
22025,1629675,0022500903,2026-03-05,MIN vs. TOR,W,21,5,12,0.417,1,5,0.2,1,2,0.5,2,4,6,1,0,1,1,1,12,16,1,23.0,2.0,0,25.4,0
22025,1629675,0022500915,2026-03-07,MIN vs. ORL,L,26,5,10,0.5,1,4,0.25,2,4,0.5,2,6,8,1,0,0,1,4,13,-12,1,21.0,2.0,0,24.6,0
22025,1629675,0022500946,2026-03-10,MIN @ LAL,L,25,6,11,0.545,1,5,0.2,0,0,0.0,0,6,6,1,0,2,2,3,13,-12,1,26.0,3.0,1,24.7,0
22025,1629675,0022500952,2026-03-11,MIN @ LAC,L,26,8,15,0.533,1,3,0.333,1,1,1.0,1,2,3,0,0,0,1,3,18,-11,1,25.0,1.0,1,24.8,0
22025,1629675,0022500966,2026-03-13,MIN @ GSW,W,27,5,9,0.556,1,1,1.0,1,2,0.5,2,1,3,4,1,1,0,2,12,5,1,26.0,2.0,1,25.3,0
22025,1629675,0022500976,2026-03-15,MIN @ OKC,L,28,1,5,0.2,0,3,0.0,4,4,1.0,1,3,4,0,2,0,4,3,6,-4,1,27.0,2.0,1,25.6,0
22025,1629675,0022500996,2026-03-17,MIN vs. PHX,W,18,3,5,0.6,1,3,0.333,4,4,1.0,1,2,3,5,0,4,1,1,11,10,1,28.0,2.0,0,25.4,0
22025,1629675,0022501035,2026-03-22,MIN @ BOS,W,26,4,12,0.333,1,4,0.25,2,2,1.0,1,6,7,0,0,1,2,3,11,26,1,18.0,5.0,1,24.9,0
22025,1629675,0022501058,2026-03-25,MIN vs. HOU,W,31,5,13,0.385,2,5,0.4,2,2,1.0,3,10,13,1,2,2,3,5,14,-8,1,26.0,3.0,0,24.6,1
22025,1629675,0022501080,2026-03-28,MIN vs. DET,L,24,3,15,0.2,0,7,0.0,2,3,0.667,1,3,4,1,2,0,3,1,8,-22,1,31.0,3.0,0,25.1,0
22025,1629675,0022501095,2026-03-30,MIN @ DAL,W,25,5,14,0.357,2,6,0.333,0,0,0.0,0,5,5,0,0,1,1,4,12,2,1,24.0,2.0,1,25.2,0
22025,1629675,0022501115,2026-04-02,MIN @ DET,L,31,6,16,0.375,4,9,0.444,3,4,0.75,0,6,6,3,0,2,1,2,19,5,1,25.0,3.0,1,25.6,1
22025,1629675,0022501121,2026-04-03,MIN @ PHI,L,29,5,14,0.357,1,6,0.167,1,1,1.0,1,6,7,1,1,2,3,3,12,-8,1,31.0,1.0,1,26.1,1
22025,1629675,0022501137,2026-04-05,MIN vs. CHA,L,25,3,14,0.214,0,4,0.0,0,0,0.0,3,4,7,1,0,1,1,3,6,-12,1,29.0,2.0,0,26.5,0
22025,1629675,0022501152,2026-04-07,MIN @ IND,W,24,7,10,0.7,3,5,0.6,0,0,0.0,1,1,2,1,2,0,2,4,17,19,1,25.0,2.0,1,26.4,0
22025,1629675,0022501159,2026-04-08,MIN @ ORL,L,24,6,11,0.545,1,5,0.2,2,3,0.667,1,4,5,2,3,2,1,1,15,4,1,24.0,1.0,1,26.1,0
22023,1630558,0022300233,2023-11-22,SAC @ NOP,L,10,0,0,0.0,0,0,0.0,2,2,1.0,0,1,1,2,0,0,0,0,2,9,1,19.0,2.0,1,19.6,0
22023,1630558,0022300050,2023-11-24,SAC @ MIN,W,9,2,2,1.0,1,1,1.0,0,0,0.0,0,0,0,1,0,0,1,1,5,-6,1,10.0,2.0,1,19.2,0
22023,1630558,0022300060,2023-11-28,SAC vs. GSW,W,9,1,4,0.25,0,2,0.0,2,2,1.0,0,0,0,0,1,0,0,2,4,-14,1,9.0,4.0,0,19.0,0
22023,1630558,0022300264,2023-11-29,SAC vs. LAC,L,13,3,7,0.429,1,5,0.2,2,2,1.0,0,3,3,3,0,0,1,0,9,-5,1,9.0,1.0,0,18.4,0
22023,1630558,0022301228,2023-12-08,SAC @ PHX,W,1,0,0,0.0,0,0,0.0,0,0,0.0,0,0,0,0,0,0,0,0,0,-4,1,13.0,9.0,1,16.7,0
22023,1630558,0022300303,2023-12-11,SAC vs. BKN,W,3,0,1,0.0,0,1,0.0,0,0,0.0,1,0,1,1,0,0,0,0,0,-7,1,1.0,3.0,0,14.2,0
22023,1630558,0022300309,2023-12-12,SAC @ LAC,L,15,0,3,0.0,0,1,0.0,1,2,0.5,0,0,0,2,0,0,0,1,1,-14,1,3.0,1.0,1,11.8,1
22023,1630558,0022300342,2023-12-16,SAC vs. UTA,W,18,2,5,0.4,0,1,0.0,0,0,0.0,0,0,0,1,0,0,0,3,4,-8,1,15.0,4.0,0,10.5,1
22023,1630558,0022300358,2023-12-18,SAC vs. WAS,W,4,1,2,0.5,0,0,0.0,0,0,0.0,0,1,1,1,0,0,0,0,2,-6,1,18.0,2.0,0,10.6,0
22023,1630558,0022300373,2023-12-20,SAC vs. BOS,L,5,0,1,0.0,0,0,0.0,0,2,0.0,0,0,0,1,0,0,0,0,0,-4,1,4.0,2.0,0,10.1,0
22023,1630558,0022300387,2023-12-22,SAC vs. PHX,W,2,0,1,0.0,0,1,0.0,0,0,0.0,0,0,0,0,0,0,0,0,0,-6,1,5.0,2.0,0,8.7,0
22023,1630558,0022300413,2023-12-26,SAC @ POR,L,2,1,3,0.333,0,2,0.0,0,0,0.0,0,1,1,0,0,0,0,0,2,2,1,2.0,4.0,1,7.9,0
22023,1630558,0022300431,2023-12-29,SAC @ ATL,W,13,1,3,0.333,0,1,0.0,0,0,0.0,1,0,1,2,0,0,0,2,2,-1,1,2.0,3.0,1,7.2,1
22023,1630558,0022300449,2023-12-31,SAC @ MEM,W,14,4,4,1.0,0,0,0.0,0,0,0.0,0,2,2,4,0,0,0,2,8,11,1,13.0,2.0,1,7.6,1
22023,1630558,0022300464,2024-01-02,SAC vs. CHA,L,14,1,3,0.333,1,1,1.0,1,2,0.5,0,1,1,0,0,0,1,1,4,-4,1,14.0,2.0,0,7.7,1
22023,1630558,0022300476,2024-01-03,SAC vs. ORL,W,14,1,3,0.333,0,2,0.0,0,0,0.0,0,1,1,3,0,0,2,0,2,6,1,14.0,1.0,0,9.0,1
22023,1630558,0022300492,2024-01-05,SAC vs. TOR,W,11,3,8,0.375,1,4,0.25,0,0,0.0,0,1,1,2,0,0,0,0,7,6,1,14.0,2.0,0,10.1,0
22023,1630558,0022300500,2024-01-07,SAC vs. NOP,L,10,0,2,0.0,0,2,0.0,0,0,0.0,0,0,0,0,1,0,0,1,0,-12,1,11.0,2.0,0,9.7,0
22023,1630558,0022300512,2024-01-09,SAC @ DET,W,1,0,0,0.0,0,0,0.0,0,0,0.0,1,0,1,0,0,0,0,0,0,2,1,10.0,2.0,1,8.9,0
22023,1630558,0022300518,2024-01-10,SAC @ CHA,W,5,0,1,0.0,0,0,0.0,0,0,0.0,0,1,1,0,0,0,0,1,0,1,1,1.0,1.0,1,8.6,0
22023,1630558,0022300532,2024-01-12,SAC @ PHI,L,6,2,3,0.667,0,0,0.0,0,0,0.0,0,0,0,0,0,0,0,0,4,3,1,5.0,2.0,1,8.6,0
22023,1630558,0022300613,2024-01-22,SAC vs. ATL,W,22,2,7,0.286,0,2,0.0,1,1,1.0,1,1,2,2,0,0,0,1,5,12,1,6.0,10.0,0,9.0,1
22023,1630558,0022300632,2024-01-25,SAC @ GSW,W,15,3,5,0.6,3,5,0.6,1,2,0.5,1,1,2,4,0,0,0,2,10,13,1,22.0,3.0,1,11.0,1
22023,1630558,0022300651,2024-01-27,SAC @ DAL,W,11,0,0,0.0,0,0,0.0,0,0,0.0,0,2,2,1,0,0,1,2,0,-13,1,15.0,2.0,1,11.2,0
22023,1630558,0022300663,2024-01-29,SAC @ MEM,W,16,2,4,0.5,1,3,0.333,0,0,0.0,0,0,0,0,2,0,2,2,5,4,1,11.0,2.0,1,10.9,1
22023,1630558,0022300678,2024-01-31,SAC @ MIA,L,12,1,2,0.5,0,0,0.0,1,1,1.0,0,1,1,1,0,0,1,1,3,-2,1,16.0,2.0,1,11.1,0
22023,1630558,0022300691,2024-02-02,SAC @ IND,W,16,2,5,0.4,0,2,0.0,0,0,0.0,0,2,2,1,1,0,1,0,4,-1,1,12.0,2.0,1,10.9,1
22023,1630558,0022300700,2024-02-03,SAC @ CHI,W,14,1,2,0.5,0,1,0.0,2,2,1.0,0,2,2,4,0,0,1,1,4,-1,1,16.0,1.0,1,11.4,1
22023,1630558,0022300714,2024-02-05,SAC @ CLE,L,9,1,3,0.333,0,1,0.0,0,0,0.0,0,0,0,3,0,0,0,1,2,-12,1,14.0,2.0,1,11.8,0
22023,1630558,0022300732,2024-02-07,SAC vs. DET,L,23,3,5,0.6,1,2,0.5,2,2,1.0,0,1,1,1,0,0,0,3,9,-1,1,9.0,2.0,0,12.6,1
22023,1630558,0022300746,2024-02-09,SAC vs. DEN,W,20,1,3,0.333,0,0,0.0,0,0,0.0,0,2,2,1,0,0,2,1,2,3,1,23.0,2.0,0,14.4,1
22023,1630558,0022300760,2024-02-11,SAC @ OKC,L,20,5,6,0.833,4,4,1.0,0,0,0.0,1,3,4,2,1,0,1,2,14,23,1,20.0,2.0,1,15.8,1
22023,1630558,0022300774,2024-02-13,SAC @ PHX,L,17,1,3,0.333,1,3,0.333,0,2,0.0,0,0,0,1,0,0,0,2,3,-8,1,20.0,2.0,1,15.6,0
22023,1630558,0022300786,2024-02-14,SAC @ DEN,W,8,1,2,0.5,1,1,1.0,0,0,0.0,0,0,0,0,0,0,0,0,3,-5,1,17.0,1.0,1,15.8,0
22023,1630558,0022300803,2024-02-22,SAC vs. SAS,W,11,0,2,0.0,0,1,0.0,0,0,0.0,0,0,0,1,0,0,0,1,0,6,1,8.0,8.0,0,15.5,0
22023,1630558,0022300827,2024-02-25,SAC @ LAC,W,18,2,3,0.667,2,3,0.667,0,0,0.0,0,0,0,1,0,0,0,3,6,-5,1,11.0,3.0,1,15.0,1
22023,1630558,0022300831,2024-02-26,SAC vs. MIA,L,9,2,2,1.0,0,0,0.0,0,0,0.0,0,1,1,3,0,1,0,0,4,-2,1,18.0,1.0,0,15.6,0
22023,1630558,0022300847,2024-02-28,SAC @ DEN,L,16,2,5,0.4,1,3,0.333,0,0,0.0,0,1,1,3,1,0,1,1,5,-11,1,9.0,2.0,1,14.9,0
22023,1630558,0022300862,2024-03-01,SAC @ MIN,W,25,7,8,0.875,0,1,0.0,2,2,1.0,0,2,2,2,0,0,1,4,16,-1,1,16.0,2.0,1,15.1,1
22023,1630558,0022300883,2024-03-04,SAC vs. CHI,L,9,3,4,0.75,0,1,0.0,0,0,0.0,1,2,3,1,0,0,2,1,6,-12,1,25.0,3.0,0,16.7,0
22023,1630558,0022300901,2024-03-06,SAC @ LAL,W,18,4,4,1.0,4,4,1.0,0,0,0.0,0,1,1,1,0,0,0,2,12,4,1,9.0,2.0,1,15.3,1
22023,1630558,0022300908,2024-03-07,SAC vs. SAS,W,14,4,5,0.8,1,2,0.5,0,0,0.0,0,0,0,0,0,0,0,1,9,-2,1,18.0,1.0,0,15.1,0
22023,1630558,0022300929,2024-03-10,SAC vs. HOU,L,18,3,7,0.429,2,5,0.4,0,0,0.0,1,1,2,3,0,0,1,1,8,5,1,14.0,3.0,0,14.5,1
22023,1630558,0022300945,2024-03-12,SAC vs. MIL,W,18,1,5,0.2,1,5,0.2,0,0,0.0,0,2,2,2,0,0,1,1,3,12,1,18.0,2.0,0,14.6,1
22023,1630558,0022300954,2024-03-13,SAC vs. LAL,W,16,3,6,0.5,0,2,0.0,0,0,0.0,0,2,2,2,0,0,1,0,6,3,1,18.0,1.0,0,15.6,0
22023,1630558,0022300975,2024-03-16,SAC vs. NYK,L,12,0,2,0.0,0,2,0.0,0,0,0.0,0,1,1,1,0,0,0,2,0,-7,1,16.0,3.0,0,16.1,0
22023,1630558,0022300989,2024-03-18,SAC vs. MEM,W,10,0,2,0.0,0,2,0.0,0,0,0.0,0,0,0,0,0,0,0,1,0,11,1,12.0,2.0,0,15.5,0
22023,1630558,0022300999,2024-03-20,SAC @ TOR,W,21,4,7,0.571,0,1,0.0,0,0,0.0,2,0,2,3,2,0,3,0,8,10,1,10.0,2.0,1,15.6,1
22023,1630558,0022301005,2024-03-21,SAC @ WAS,L,19,2,3,0.667,1,1,1.0,0,0,0.0,1,1,2,1,1,0,1,0,5,4,1,21.0,1.0,1,16.1,1
22023,1630558,0022301020,2024-03-23,SAC @ ORL,W,12,1,3,0.333,0,1,0.0,0,0,0.0,0,2,2,3,0,0,0,0,2,-12,1,19.0,2.0,1,15.5,0
22023,1630558,0022301042,2024-03-25,SAC vs. PHI,W,25,6,9,0.667,3,4,0.75,3,4,0.75,1,1,2,0,0,0,0,2,18,8,1,12.0,2.0,0,15.8,1
22023,1630558,0022301047,2024-03-26,SAC vs. DAL,L,16,2,5,0.4,2,3,0.667,0,0,0.0,0,0,0,2,0,0,0,0,6,-4,1,25.0,1.0,0,16.5,0
22023,1630558,0022301073,2024-03-29,SAC vs. DAL,L,19,4,6,0.667,0,0,0.0,0,0,0.0,0,1,1,2,1,0,0,1,8,1,1,16.0,3.0,0,16.7,1
22023,1630558,0022301086,2024-03-31,SAC vs. UTA,W,21,3,6,0.5,1,2,0.5,1,2,0.5,1,4,5,3,1,0,1,3,8,-9,1,19.0,2.0,0,16.8,1
22023,1630558,0022301101,2024-04-02,SAC vs. LAC,W,25,5,10,0.5,4,7,0.571,0,0,0.0,2,2,4,3,0,0,0,0,14,16,1,21.0,2.0,0,17.1,1
22023,1630558,0022301112,2024-04-04,SAC @ NYK,L,25,5,8,0.625,1,2,0.5,0,2,0.0,0,2,2,1,0,0,0,1,11,-15,1,25.0,2.0,1,18.0,1
22023,1630558,0022301118,2024-04-05,SAC @ BOS,L,25,3,8,0.375,1,4,0.25,0,0,0.0,2,4,6,5,0,0,1,3,7,-4,1,25.0,1.0,1,19.3,1
22023,1630558,0022301141,2024-04-07,SAC @ BKN,W,28,3,8,0.375,2,5,0.4,4,4,1.0,0,1,1,3,1,0,1,0,12,36,1,25.0,2.0,1,20.8,1
22023,1630558,0022301153,2024-04-09,SAC @ OKC,L,22,3,10,0.3,1,6,0.167,1,1,1.0,0,1,1,2,0,0,1,2,8,-6,1,28.0,2.0,1,21.5,0
22023,1630558,0022301170,2024-04-11,SAC vs. NOP,L,27,5,8,0.625,2,2,1.0,1,2,0.5,0,2,2,5,0,0,1,1,13,-6,1,22.0,2.0,0,21.8,1
22023,1630558,0022301185,2024-04-12,SAC vs. PHX,L,20,1,7,0.143,0,3,0.0,0,0,0.0,0,0,0,3,0,0,1,2,2,7,1,27.0,1.0,0,23.3,0
22023,1630558,0022301200,2024-04-14,SAC vs. POR,W,22,4,11,0.364,3,5,0.6,0,0,0.0,1,3,4,3,0,0,1,0,11,33,1,20.0,2.0,0,22.8,0
22024,1630558,0022400211,2024-11-10,TOR @ LAL,L,19,1,5,0.2,0,3,0.0,0,0,0.0,2,2,4,5,0,0,1,4,2,-7,1,22.0,1.0,1,28.8,0
22024,1630558,0022400005,2024-11-12,TOR @ MIL,L,33,0,2,0.0,0,0,0.0,1,2,0.5,0,4,4,8,1,0,3,1,1,1,1,19.0,2.0,1,28.2,1
22024,1630558,0022400011,2024-11-15,TOR vs. DET,L,33,2,9,0.222,1,2,0.5,0,0,0.0,1,5,6,5,3,0,2,1,5,9,1,33.0,3.0,0,29.6,1
22024,1630558,0022400230,2024-11-16,TOR @ BOS,L,32,4,5,0.8,1,2,0.5,1,1,1.0,1,2,3,5,1,0,0,4,10,0,1,33.0,1.0,1,30.0,0
22024,1630558,0022400247,2024-11-18,TOR vs. IND,W,33,4,7,0.571,1,2,0.5,2,2,1.0,0,0,0,4,0,0,3,5,11,26,1,32.0,2.0,0,29.7,1
22024,1630558,0022400261,2024-11-21,TOR vs. MIN,W,27,0,4,0.0,0,2,0.0,3,4,0.75,0,2,2,8,0,0,3,3,3,20,1,33.0,3.0,0,30.2,0
22024,1630558,0022400275,2024-11-24,TOR @ CLE,L,25,2,4,0.5,2,3,0.667,0,2,0.0,0,1,1,3,1,0,6,3,6,-10,1,27.0,3.0,1,29.8,0
22024,1630558,0022400278,2024-11-25,TOR @ DET,L,31,1,7,0.143,1,5,0.2,0,0,0.0,1,0,1,3,1,0,0,3,3,-13,1,25.0,1.0,1,28.6,0
22024,1630558,0022400295,2024-11-27,TOR @ NOP,W,15,0,1,0.0,0,1,0.0,0,0,0.0,0,0,0,4,0,0,1,1,0,-2,1,31.0,2.0,1,28.7,0
22024,1630558,0022400046,2024-11-29,TOR @ MIA,L,20,2,4,0.5,0,1,0.0,0,0,0.0,0,1,1,3,1,0,2,1,4,-4,1,15.0,2.0,1,27.0,0
22024,1630558,0022400309,2024-12-01,TOR vs. MIA,W,28,3,8,0.375,1,5,0.2,0,0,0.0,0,0,0,3,1,0,1,4,7,20,1,20.0,2.0,0,26.8,0
22024,1630558,0022400054,2024-12-03,TOR vs. IND,W,26,3,9,0.333,1,4,0.25,1,2,0.5,1,2,3,3,1,0,1,2,8,-4,1,28.0,2.0,0,27.7,0
22024,1630558,0022400328,2024-12-05,TOR vs. OKC,L,24,0,5,0.0,0,5,0.0,0,0,0.0,1,2,3,4,1,1,1,5,0,-14,1,26.0,2.0,0,27.0,0
22024,1630558,0022400344,2024-12-07,TOR vs. DAL,L,26,0,2,0.0,0,1,0.0,1,2,0.5,1,2,3,4,1,0,1,3,1,-5,1,24.0,2.0,0,26.1,0
22024,1630558,0022400359,2024-12-09,TOR vs. NYK,L,24,3,4,0.75,2,2,1.0,0,0,0.0,0,3,3,3,0,1,1,3,8,-15,1,26.0,2.0,0,25.5,0
22024,1630558,0022401206,2024-12-12,TOR @ MIA,L,21,4,6,0.667,1,1,1.0,3,3,1.0,1,1,2,6,0,0,1,6,12,-7,1,24.0,3.0,1,24.6,0
22024,1630558,0022401223,2024-12-16,TOR vs. CHI,L,16,1,2,0.5,1,1,1.0,0,0,0.0,0,1,1,4,0,1,3,0,3,-6,1,21.0,4.0,0,24.0,0
22024,1630558,0022400397,2024-12-23,TOR @ NYK,L,12,2,3,0.667,1,1,1.0,0,0,0.0,0,0,0,3,0,0,1,1,5,-18,1,16.0,7.0,1,23.1,0
22024,1630558,0022400414,2024-12-26,TOR @ MEM,L,27,2,6,0.333,2,5,0.4,0,0,0.0,0,0,0,5,2,0,0,1,6,-13,1,12.0,3.0,1,21.2,1
22024,1630558,0022400449,2024-12-31,TOR @ BOS,L,26,3,4,0.75,2,2,1.0,1,2,0.5,0,2,2,3,0,0,5,2,9,-18,1,27.0,5.0,1,22.4,1
22024,1630558,0022400459,2025-01-01,TOR vs. BKN,W,6,0,1,0.0,0,1,0.0,0,0,0.0,0,1,1,1,0,0,0,4,0,-3,1,26.0,1.0,0,23.0,0
22024,1630558,0022400470,2025-01-03,TOR vs. ORL,L,13,1,2,0.5,1,1,1.0,0,0,0.0,0,4,4,2,1,0,0,0,3,3,1,6.0,2.0,0,20.8,0
22024,1630558,0022400511,2025-01-08,TOR @ NYK,L,0,0,0,0.0,0,0,0.0,0,0,0.0,0,0,0,0,0,0,0,0,0,0,1,13.0,5.0,1,19.5,0
22024,1630558,0022400517,2025-01-09,TOR @ CLE,L,16,1,2,0.5,0,1,0.0,0,0,0.0,1,1,2,2,0,0,0,0,2,-13,1,0.0,1.0,1,17.1,0
22024,1630558,0022400550,2025-01-13,TOR vs. GSW,W,27,0,3,0.0,0,1,0.0,0,0,0.0,0,0,0,6,0,0,0,4,0,-3,1,16.0,4.0,0,16.1,1
22024,1630558,0022400562,2025-01-15,TOR vs. BOS,W,26,4,6,0.667,2,2,1.0,0,1,0.0,0,4,4,5,2,0,1,3,10,16,1,27.0,2.0,0,16.4,1
22024,1630558,0022400580,2025-01-17,TOR @ MIL,L,30,4,6,0.667,1,3,0.333,1,1,1.0,0,0,0,3,0,1,2,3,10,-6,1,26.0,2.0,1,16.9,1
22024,1630558,0022400608,2025-01-21,TOR vs. ORL,W,25,3,5,0.6,1,2,0.5,0,0,0.0,0,2,2,6,1,0,1,1,7,0,1,30.0,4.0,0,18.3,1
22024,1630558,0022400623,2025-01-23,TOR @ ATL,W,31,1,3,0.333,0,0,0.0,0,0,0.0,0,1,1,7,0,0,2,5,2,17,1,25.0,2.0,1,19.6,1
22024,1630558,0022400639,2025-01-25,TOR @ ATL,W,26,3,8,0.375,1,4,0.25,1,1,1.0,0,2,2,4,1,0,1,3,8,2,1,31.0,2.0,1,20.0,1
22024,1630558,0022400654,2025-01-27,TOR vs. NOP,W,24,3,8,0.375,1,4,0.25,0,0,0.0,0,0,0,4,1,0,3,4,7,18,1,26.0,2.0,0,20.0,1
22024,1630558,0022400665,2025-01-29,TOR @ WAS,W,27,4,4,1.0,2,2,1.0,0,0,0.0,1,3,4,9,0,0,5,3,10,24,1,24.0,2.0,1,21.8,1
22024,1630558,0022400682,2025-01-31,TOR vs. CHI,L,23,3,7,0.429,3,4,0.75,0,0,0.0,0,1,1,2,0,0,2,1,9,-21,1,27.0,2.0,0,23.2,0
22024,1630558,0022400722,2025-02-05,TOR vs. MEM,L,18,4,5,0.8,1,2,0.5,1,1,1.0,0,1,1,5,1,0,2,3,10,6,1,23.0,5.0,0,25.5,0
22024,1630558,0022400759,2025-02-10,MIA vs. BOS,L,23,2,8,0.25,0,4,0.0,0,0,0.0,0,3,3,4,0,0,0,3,4,5,1,18.0,5.0,0,25.7,0
22024,1630558,0022400778,2025-02-12,MIA @ OKC,L,35,6,10,0.6,2,5,0.4,0,0,0.0,1,0,1,3,1,0,2,1,14,-3,1,23.0,2.0,1,25.3,1
22024,1630558,0022400786,2025-02-13,MIA @ DAL,L,38,1,4,0.25,1,1,1.0,2,2,1.0,0,0,0,4,2,1,1,1,5,-11,1,35.0,1.0,1,26.2,1
22024,1630558,0022400800,2025-02-21,MIA @ TOR,W,34,6,9,0.667,3,5,0.6,1,2,0.5,0,2,2,1,1,0,2,3,16,6,1,38.0,8.0,1,27.0,1
22024,1630558,0022400817,2025-02-23,MIA @ MIL,L,34,2,4,0.5,1,3,0.333,0,0,0.0,1,3,4,5,1,1,0,4,5,2,1,34.0,2.0,1,27.9,1
22024,1630558,0022400825,2025-02-24,MIA @ ATL,L,24,3,6,0.5,0,3,0.0,0,0,0.0,1,0,1,2,1,0,2,0,6,-5,1,34.0,1.0,1,28.2,0
22024,1630558,0022400841,2025-02-26,MIA vs. ATL,W,37,7,8,0.875,5,5,1.0,1,1,1.0,0,0,0,6,2,0,2,1,20,11,1,24.0,2.0,0,28.0,1
22024,1630558,0022400854,2025-02-28,MIA vs. IND,W,37,3,7,0.429,2,2,1.0,2,2,1.0,2,1,3,8,1,1,3,2,10,6,1,37.0,2.0,0,29.3,1
22024,1630558,0022400869,2025-03-02,MIA vs. NYK,L,37,5,9,0.556,1,4,0.25,0,2,0.0,0,4,4,5,2,0,3,3,11,4,1,37.0,2.0,0,30.3,1
22024,1630558,0022400893,2025-03-05,MIA @ CLE,L,26,3,5,0.6,1,1,1.0,2,2,1.0,0,1,1,7,1,0,2,3,9,5,1,37.0,3.0,1,31.7,0
22024,1630558,0022400907,2025-03-07,MIA vs. MIN,L,38,3,9,0.333,1,2,0.5,0,0,0.0,2,2,4,10,0,0,1,1,7,-5,1,26.0,2.0,0,32.5,1
22024,1630558,0022400916,2025-03-08,MIA vs. CHI,L,30,2,5,0.4,0,2,0.0,0,2,0.0,0,3,3,8,1,0,0,4,4,-8,1,38.0,1.0,0,34.0,0
22024,1630558,0022400931,2025-03-10,MIA vs. CHA,L,23,3,6,0.5,1,3,0.333,0,0,0.0,1,2,3,3,0,0,2,1,7,-8,1,30.0,2.0,0,33.5,0
22024,1630558,0022400948,2025-03-12,MIA vs. LAC,L,17,2,4,0.5,1,1,1.0,1,2,0.5,0,0,0,0,2,0,1,1,6,-11,1,23.0,2.0,0,32.0,0
22024,1630558,0022400958,2025-03-14,MIA vs. BOS,L,35,4,8,0.5,3,5,0.6,1,3,0.333,0,9,9,4,1,0,3,3,12,-4,1,17.0,2.0,0,30.3,1
22024,1630558,0022400971,2025-03-15,MIA @ MEM,L,20,1,4,0.25,1,2,0.5,0,0,0.0,1,1,2,2,1,1,2,1,3,-1,1,35.0,1.0,1,30.4,0
22024,1630558,0022400984,2025-03-17,MIA @ NYK,L,35,3,10,0.3,0,2,0.0,6,6,1.0,2,2,4,5,3,1,3,2,12,-19,1,20.0,2.0,1,30.0,1
22024,1630558,0022401000,2025-03-19,MIA vs. DET,L,32,5,6,0.833,0,1,0.0,2,3,0.667,0,1,1,4,1,0,1,2,12,-11,1,35.0,2.0,0,29.8,0
22024,1630558,0022401015,2025-03-21,MIA vs. HOU,L,34,5,10,0.5,2,4,0.5,0,0,0.0,0,3,3,4,0,1,3,3,12,4,1,32.0,2.0,0,29.3,1
22024,1630558,0022401032,2025-03-23,MIA vs. CHA,W,36,5,7,0.714,0,2,0.0,2,2,1.0,0,3,3,7,2,0,2,4,12,17,1,34.0,2.0,0,29.0,1
22024,1630558,0022401047,2025-03-25,MIA vs. GSW,W,32,5,8,0.625,2,2,1.0,0,1,0.0,3,2,5,7,1,0,2,3,12,14,1,36.0,2.0,0,30.0,0
22024,1630558,0022401062,2025-03-27,MIA vs. ATL,W,36,6,12,0.5,4,5,0.8,0,0,0.0,1,1,2,6,1,0,0,3,16,9,1,32.0,2.0,0,29.4,1
22024,1630558,0022401076,2025-03-29,MIA @ PHI,W,32,2,8,0.25,1,5,0.2,1,2,0.5,0,1,1,8,2,0,3,2,6,18,1,36.0,2.0,1,30.0,0
22024,1630558,0022401106,2025-04-02,MIA @ BOS,W,34,5,10,0.5,3,6,0.5,0,0,0.0,1,3,4,7,3,0,1,3,13,21,1,32.0,4.0,1,30.9,1
22024,1630558,0022401114,2025-04-03,MIA vs. MEM,L,37,3,8,0.375,3,5,0.6,2,2,1.0,0,4,4,7,3,0,2,3,11,3,1,34.0,1.0,0,32.6,1
22024,1630558,0022401131,2025-04-05,MIA vs. MIL,L,39,8,15,0.533,1,5,0.2,3,4,0.75,1,1,2,5,1,0,2,2,20,-10,1,37.0,2.0,0,32.8,1
22024,1630558,0022401145,2025-04-07,MIA vs. PHI,W,35,5,12,0.417,0,1,0.0,2,2,1.0,1,3,4,9,1,1,1,5,12,27,1,39.0,2.0,0,34.7,0
22024,1630558,0022401160,2025-04-09,MIA @ CHI,L,36,6,10,0.6,2,5,0.4,3,4,0.75,1,2,3,8,4,1,1,3,17,-2,1,35.0,2.0,1,34.7,0
22024,1630558,0022401177,2025-04-11,MIA @ NOP,W,22,4,6,0.667,1,3,0.333,2,3,0.667,0,2,2,3,1,0,2,2,11,9,1,36.0,2.0,1,35.1,0
22024,1630558,0022401190,2025-04-13,MIA vs. WAS,L,20,2,4,0.5,0,0,0.0,0,0,0.0,0,4,4,8,1,0,1,0,4,1,1,22.0,2.0,0,33.9,0
22025,1630558,0022500201,2025-11-10,MIA vs. CLE,W,38,4,9,0.444,1,4,0.25,2,2,1.0,0,2,2,8,1,0,5,5,11,12,1,26.0,2.0,0,29.3,1
22025,1630558,0022500217,2025-11-12,MIA vs. CLE,L,34,7,13,0.538,2,4,0.5,0,0,0.0,0,3,3,4,1,0,1,3,16,-10,1,38.0,2.0,0,29.6,1
22025,1630558,0022500039,2025-11-14,MIA @ NYK,L,33,3,6,0.5,2,4,0.5,3,4,0.75,0,4,4,11,1,0,1,3,11,4,1,34.0,2.0,1,30.9,0
22025,1630558,0022500244,2025-11-17,MIA vs. NYK,W,33,7,12,0.583,2,5,0.4,2,3,0.667,0,3,3,5,0,0,3,1,18,2,1,33.0,3.0,0,31.8,0
22025,1630558,0022500257,2025-11-19,MIA vs. GSW,W,24,2,5,0.4,1,1,1.0,0,0,0.0,0,1,1,6,0,0,0,4,5,13,1,33.0,2.0,0,32.1,0
22025,1630558,0022500051,2025-11-21,MIA @ CHI,W,24,7,9,0.778,0,2,0.0,2,4,0.5,0,0,0,6,1,0,0,2,16,12,1,24.0,2.0,1,31.7,0
22025,1630558,0022500275,2025-11-23,MIA @ PHI,W,31,2,6,0.333,1,2,0.5,3,4,0.75,1,7,8,12,1,0,1,2,8,11,1,24.0,2.0,1,30.9,0
22025,1630558,0022500286,2025-11-24,MIA vs. DAL,W,32,4,8,0.5,0,1,0.0,0,0,0.0,1,2,3,4,2,0,1,2,8,19,1,31.0,1.0,0,30.6,0
22025,1630558,0022500062,2025-11-26,MIA vs. MIL,W,29,1,2,0.5,0,1,0.0,0,0,0.0,0,4,4,9,1,0,3,2,2,-8,1,32.0,2.0,0,30.7,0
22025,1630558,0022500296,2025-11-29,MIA vs. DET,L,32,2,8,0.25,0,2,0.0,3,4,0.75,1,0,1,10,3,0,0,3,7,15,1,29.0,3.0,0,30.4,0
22025,1630558,0022500313,2025-12-01,MIA vs. LAC,W,31,6,6,1.0,4,4,1.0,0,0,0.0,1,2,3,12,2,0,2,5,16,37,1,32.0,2.0,0,31.0,0
22025,1630558,0022500332,2025-12-03,MIA @ DAL,L,30,2,7,0.286,0,2,0.0,0,0,0.0,0,1,1,9,0,0,0,1,4,-9,1,31.0,2.0,1,30.3,0
22025,1630558,0022500339,2025-12-05,MIA @ ORL,L,28,5,8,0.625,0,0,0.0,0,0,0.0,0,2,2,7,0,0,0,5,10,3,1,30.0,2.0,1,29.9,0
22025,1630558,0022501201,2025-12-09,MIA @ ORL,L,37,4,8,0.5,1,2,0.5,2,2,1.0,0,2,2,9,1,0,2,2,11,-3,1,28.0,4.0,1,29.4,1
22025,1630558,0022501227,2025-12-15,MIA vs. TOR,L,32,5,11,0.455,2,6,0.333,0,0,0.0,0,4,4,4,2,1,2,2,12,-4,1,37.0,6.0,0,29.8,0
22025,1630558,0022500373,2025-12-18,MIA @ BKN,W,30,5,11,0.455,0,2,0.0,0,0,0.0,0,0,0,7,1,0,2,1,10,11,1,32.0,3.0,1,30.6,0
22025,1630558,0022500398,2025-12-21,MIA @ NYK,L,31,5,8,0.625,3,4,0.75,0,0,0.0,0,2,2,8,0,0,3,3,13,-7,1,30.0,3.0,1,31.2,0
22025,1630558,0022500414,2025-12-23,MIA vs. TOR,L,27,1,6,0.167,1,4,0.25,0,0,0.0,0,1,1,2,1,0,2,3,3,-18,1,31.0,2.0,0,31.2,0
22025,1630558,0022500423,2025-12-26,MIA @ ATL,W,29,3,8,0.375,0,2,0.0,0,0,0.0,0,1,1,7,2,0,2,4,6,15,1,27.0,3.0,1,30.7,0
22025,1630558,0022500436,2025-12-27,MIA vs. IND,W,19,0,6,0.0,0,3,0.0,0,0,0.0,1,1,2,5,2,0,0,4,0,8,1,29.0,1.0,0,30.7,0
22025,1630558,0022500450,2025-12-29,MIA vs. DEN,W,32,4,8,0.5,2,4,0.5,0,0,0.0,0,3,3,9,0,1,3,4,10,17,1,19.0,2.0,0,29.4,0
22025,1630558,0022500472,2026-01-01,MIA @ DET,W,33,3,7,0.429,2,3,0.667,0,0,0.0,1,0,1,11,2,1,5,1,8,3,1,32.0,3.0,1,29.5,1
22025,1630558,0022500486,2026-01-03,MIA vs. MIN,L,34,6,10,0.6,2,4,0.5,0,0,0.0,0,3,3,6,0,0,4,3,14,-7,1,33.0,2.0,0,29.8,1
22025,1630558,0022500497,2026-01-04,MIA vs. NOP,W,29,3,9,0.333,3,6,0.5,0,0,0.0,0,3,3,6,2,0,3,3,9,29,1,34.0,1.0,0,30.4,0
22025,1630558,0022500513,2026-01-06,MIA @ MIN,L,28,2,11,0.182,0,4,0.0,0,1,0.0,0,1,1,9,1,0,0,2,4,-5,1,29.0,2.0,1,29.6,0
22025,1630558,0022500543,2026-01-10,MIA @ IND,L,19,0,1,0.0,0,0,0.0,1,2,0.5,0,2,2,1,0,0,2,2,1,-7,1,28.0,4.0,1,29.2,0
22025,1630558,0022500553,2026-01-11,MIA @ OKC,L,31,5,7,0.714,3,3,1.0,0,0,0.0,1,2,3,10,1,0,2,0,13,-4,1,19.0,1.0,1,28.1,1
22025,1630558,0022500564,2026-01-13,MIA vs. PHX,W,19,4,6,0.667,1,2,0.5,0,0,0.0,0,3,3,6,1,0,1,4,9,9,1,31.0,2.0,0,28.1,0
22025,1630558,0022500612,2026-01-19,MIA @ GSW,L,25,1,6,0.167,1,4,0.25,4,4,1.0,3,3,6,3,3,1,2,3,7,-17,1,19.0,6.0,1,27.3,0
22025,1630558,0022500619,2026-01-20,MIA @ SAC,W,19,2,5,0.4,2,3,0.667,0,0,0.0,0,3,3,7,0,0,0,0,6,11,1,25.0,1.0,1,26.9,0
22025,1630558,0022500705,2026-02-01,MIA vs. CHI,W,21,5,9,0.556,3,5,0.6,0,0,0.0,0,2,2,6,2,0,1,2,13,34,1,19.0,12.0,0,26.9,0
22025,1630558,0022500720,2026-02-03,MIA vs. ATL,L,28,2,5,0.4,0,1,0.0,0,0,0.0,1,0,1,10,0,0,1,3,4,-1,1,21.0,2.0,0,25.8,0
22025,1630558,0022500741,2026-02-06,MIA @ BOS,L,29,5,11,0.455,2,6,0.333,1,2,0.5,0,2,2,6,0,1,2,3,13,5,1,28.0,3.0,1,25.3,1
22025,1630558,0022500758,2026-02-08,MIA @ WAS,W,25,2,6,0.333,1,3,0.333,0,0,0.0,0,2,2,3,1,0,3,2,5,16,1,29.0,2.0,1,24.8,0
22025,1630558,0022500763,2026-02-09,MIA vs. UTA,L,31,3,3,1.0,1,1,1.0,5,6,0.833,0,2,2,5,0,0,1,4,12,-6,1,25.0,1.0,0,24.4,1
22025,1630558,0022500784,2026-02-11,MIA @ NOP,W,28,3,10,0.3,2,6,0.333,1,2,0.5,0,1,1,5,0,0,0,2,9,18,1,31.0,2.0,1,24.7,1
22025,1630558,0022500805,2026-02-20,MIA @ ATL,W,27,3,5,0.6,1,3,0.333,0,0,0.0,1,4,5,7,1,3,2,3,7,15,1,28.0,9.0,1,25.6,0
22025,1630558,0022500837,2026-02-24,MIA @ MIL,L,28,3,4,0.75,2,3,0.667,0,0,0.0,0,6,6,8,1,0,1,4,8,3,1,27.0,4.0,1,25.2,1
22025,1630558,0022500849,2026-02-26,MIA @ PHI,L,24,1,3,0.333,1,1,1.0,0,0,0.0,0,2,2,2,1,0,3,0,3,12,1,28.0,2.0,1,26.1,0
22025,1630558,0022500864,2026-02-28,MIA vs. HOU,W,25,4,10,0.4,2,4,0.5,0,0,0.0,1,2,3,5,0,0,1,3,10,-3,1,24.0,2.0,0,26.0,0
22025,1630558,0022500886,2026-03-03,MIA vs. BKN,W,26,3,5,0.6,2,3,0.667,0,0,0.0,0,3,3,4,0,0,0,2,8,9,1,25.0,3.0,0,26.6,0
22025,1630558,0022500901,2026-03-05,MIA vs. BKN,W,23,1,4,0.25,0,1,0.0,0,0,0.0,1,1,2,4,2,0,0,3,2,-5,1,26.0,2.0,0,27.1,0
22025,1630558,0022500909,2026-03-06,MIA @ CHA,W,27,5,9,0.556,3,4,0.75,0,0,0.0,0,2,2,7,0,0,1,2,13,8,1,23.0,1.0,1,26.6,0
22025,1630558,0022500923,2026-03-08,MIA vs. DET,W,24,4,5,0.8,0,1,0.0,0,0,0.0,0,2,2,4,1,0,0,2,8,16,1,27.0,2.0,0,26.4,0
22025,1630558,0022500938,2026-03-10,MIA vs. WAS,W,24,5,9,0.556,0,4,0.0,2,2,1.0,3,4,7,5,1,0,3,1,12,16,1,24.0,2.0,0,26.3,0
22025,1630558,0022500957,2026-03-12,MIA vs. MIL,W,27,5,9,0.556,3,5,0.6,0,0,0.0,1,4,5,5,1,0,0,4,13,13,1,24.0,2.0,0,25.6,0
22025,1630558,0022500972,2026-03-14,MIA vs. ORL,L,26,5,8,0.625,2,4,0.5,2,2,1.0,0,2,2,4,0,0,1,3,14,-9,1,27.0,2.0,0,25.5,0
22025,1630558,0022500991,2026-03-17,MIA @ CHA,L,26,2,7,0.286,0,3,0.0,0,0,0.0,1,2,3,5,0,0,1,2,4,-19,1,26.0,3.0,1,25.4,0
22025,1630558,0022501010,2026-03-19,MIA vs. LAL,L,32,7,10,0.7,2,5,0.4,0,0,0.0,1,2,3,6,1,1,1,1,16,-14,1,26.0,2.0,0,25.2,1
22025,1630558,0022501027,2026-03-21,MIA @ HOU,L,37,6,15,0.4,3,10,0.3,0,0,0.0,0,1,1,9,2,0,2,2,15,8,1,32.0,2.0,1,26.0,1
22025,1630558,0022501041,2026-03-23,MIA vs. SAS,L,22,1,4,0.25,0,2,0.0,0,0,0.0,0,2,2,3,2,0,1,3,2,-10,1,37.0,2.0,0,27.2,0
22025,1630558,0022501055,2026-03-25,MIA @ CLE,W,32,4,6,0.667,2,4,0.5,1,2,0.5,1,1,2,3,1,1,2,2,11,5,1,22.0,2.0,1,26.8,1
22025,1630558,0022501068,2026-03-27,MIA @ CLE,L,24,1,6,0.167,0,4,0.0,0,0,0.0,1,3,4,4,0,0,4,2,2,-22,1,32.0,2.0,1,27.7,0
22025,1630558,0022501083,2026-03-29,MIA @ IND,L,35,5,7,0.714,1,2,0.5,1,2,0.5,0,3,3,8,2,0,1,4,12,-9,1,24.0,2.0,1,27.4,1
22025,1630558,0022501091,2026-03-30,MIA vs. PHI,W,30,4,9,0.444,1,5,0.2,0,0,0.0,1,3,4,5,0,0,3,3,9,-2,1,35.0,1.0,0,28.5,0
22025,1630558,0022501106,2026-04-01,MIA vs. BOS,L,40,8,15,0.533,5,10,0.5,0,0,0.0,0,2,2,7,0,0,0,2,21,7,1,30.0,2.0,0,29.1,1
22025,1630558,0022501129,2026-04-04,MIA vs. WAS,W,26,5,9,0.556,2,5,0.4,0,0,0.0,1,3,4,6,0,0,1,1,12,19,1,40.0,3.0,0,30.4,0
22025,1630558,0022501151,2026-04-07,MIA @ TOR,L,23,4,11,0.364,1,5,0.2,0,0,0.0,1,0,1,6,0,0,1,3,9,-25,1,26.0,3.0,1,30.4,0
22025,1630558,0022501165,2026-04-09,MIA @ TOR,L,37,7,9,0.778,0,1,0.0,1,4,0.25,1,2,3,11,0,0,3,2,15,-17,1,23.0,2.0,1,30.1,1
22025,1630558,0022501189,2026-04-12,MIA vs. ATL,W,26,5,6,0.833,2,2,1.0,0,0,0.0,0,2,2,1,1,0,1,2,12,12,1,37.0,3.0,0,30.6,0
22023,1629060,0022300042,2023-11-21,LAL vs. UTA,W,28,4,13,0.308,2,5,0.4,2,2,1.0,2,4,6,1,0,0,1,3,12,21,1,32.0,2.0,0,22.5,1
22023,1629060,0022300238,2023-11-22,LAL vs. DAL,L,26,4,11,0.364,1,2,0.5,0,0,0.0,2,1,3,1,0,0,1,3,9,-8,1,28.0,1.0,0,23.8,0
22023,1629060,0022301203,2023-12-05,LAL vs. PHX,W,21,3,8,0.375,1,4,0.25,0,0,0.0,0,2,2,1,0,0,0,1,7,5,1,26.0,13.0,0,25.2,0
22023,1629060,0022301230,2023-12-07,LAL vs. NOP,W,21,5,9,0.556,1,3,0.333,1,2,0.5,0,1,1,2,0,0,0,3,12,9,1,21.0,2.0,0,25.6,0
22023,1629060,0022300306,2023-12-12,LAL @ DAL,L,29,3,9,0.333,1,2,0.5,0,0,0.0,0,3,3,2,1,0,1,3,7,-3,1,21.0,5.0,1,25.1,1
22023,1629060,0022300316,2023-12-13,LAL @ SAS,W,24,6,10,0.6,1,2,0.5,0,0,0.0,0,7,7,1,0,1,3,2,13,15,1,29.0,1.0,1,26.0,0
22023,1629060,0022300331,2023-12-15,LAL @ SAS,L,34,8,15,0.533,0,5,0.0,4,5,0.8,0,5,5,4,0,1,0,1,20,1,1,24.0,2.0,1,25.1,1
22023,1629060,0022300359,2023-12-18,LAL vs. NYK,L,17,3,6,0.5,1,2,0.5,1,1,1.0,2,0,2,0,2,0,0,1,8,-9,1,34.0,3.0,0,26.1,0
22023,1629060,0022300370,2023-12-20,LAL @ CHI,L,16,2,9,0.222,1,2,0.5,0,0,0.0,3,2,5,1,0,0,0,0,5,-12,1,17.0,2.0,1,26.0,0
22023,1629060,0022300380,2023-12-21,LAL @ MIN,L,34,7,12,0.583,2,5,0.4,2,6,0.333,1,3,4,0,1,0,2,3,18,-6,1,16.0,1.0,1,24.8,1
22023,1629060,0022300397,2023-12-23,LAL @ OKC,W,30,8,14,0.571,3,5,0.6,2,2,1.0,0,6,6,2,1,0,0,0,21,1,1,34.0,2.0,1,25.0,1
22023,1629060,0022300403,2023-12-25,LAL vs. BOS,L,29,5,14,0.357,2,9,0.222,0,0,0.0,0,3,3,0,0,0,1,2,12,5,1,30.0,2.0,0,25.2,1
22023,1629060,0022300428,2023-12-28,LAL vs. CHA,W,28,7,12,0.583,0,1,0.0,3,3,1.0,0,4,4,1,1,0,0,2,17,34,1,29.0,3.0,0,25.5,0
22023,1629060,0022300443,2023-12-30,LAL @ MIN,L,17,2,8,0.25,0,1,0.0,1,1,1.0,1,0,1,0,0,0,0,0,5,-11,1,28.0,2.0,1,26.2,0
22023,1629060,0022300446,2023-12-31,LAL @ NOP,L,8,1,1,1.0,0,0,0.0,2,2,1.0,0,1,1,1,1,0,1,0,4,-4,1,17.0,1.0,1,25.8,0
22023,1629060,0022300549,2024-01-13,LAL @ UTA,L,19,6,12,0.5,0,2,0.0,5,6,0.833,1,2,3,1,1,0,0,0,17,12,1,8.0,13.0,1,23.7,0
22023,1629060,0022300565,2024-01-15,LAL vs. OKC,W,20,5,8,0.625,2,3,0.667,0,0,0.0,1,2,3,0,0,2,1,1,12,6,1,19.0,2.0,0,23.2,0
22023,1629060,0022300577,2024-01-17,LAL vs. DAL,W,22,2,6,0.333,1,4,0.25,1,2,0.5,1,3,4,1,2,0,0,1,6,-1,1,20.0,2.0,0,21.8,0
22023,1629060,0022300591,2024-01-19,LAL vs. BKN,L,15,0,6,0.0,0,3,0.0,0,0,0.0,1,1,2,1,0,0,1,0,0,-1,1,22.0,2.0,0,22.3,0
22023,1629060,0022300605,2024-01-21,LAL vs. POR,W,23,2,7,0.286,1,3,0.333,4,5,0.8,1,1,2,2,1,0,1,2,9,15,1,15.0,2.0,0,22.2,0
22023,1629060,0022300618,2024-01-23,LAL @ LAC,L,30,5,8,0.625,1,1,1.0,0,0,0.0,1,2,3,2,1,1,0,1,11,-8,1,23.0,2.0,1,21.1,1
22023,1629060,0022300633,2024-01-25,LAL vs. CHI,W,19,3,3,1.0,2,2,1.0,2,2,1.0,0,3,3,2,1,0,1,3,10,4,1,30.0,2.0,0,21.1,0
22023,1629060,0022300650,2024-01-27,LAL @ GSW,W,18,4,4,1.0,1,1,1.0,2,2,1.0,0,4,4,0,0,0,1,1,11,6,1,19.0,2.0,1,20.1,0
22023,1629060,0022300662,2024-01-29,LAL @ HOU,L,22,4,5,0.8,2,3,0.667,6,8,0.75,0,5,5,1,1,0,0,0,16,0,1,18.0,2.0,1,19.1,1
22023,1629060,0022300669,2024-01-30,LAL @ ATL,L,23,7,11,0.636,2,4,0.5,0,2,0.0,2,2,4,0,2,0,1,0,16,-9,1,22.0,1.0,1,19.6,1
22023,1629060,0022300684,2024-02-01,LAL @ BOS,W,33,5,14,0.357,3,6,0.5,2,2,1.0,2,6,8,4,0,1,2,3,15,4,1,23.0,2.0,1,21.1,1
22023,1629060,0022300701,2024-02-03,LAL @ NYK,W,19,3,5,0.6,0,2,0.0,1,2,0.5,0,4,4,1,0,0,1,2,7,3,1,33.0,2.0,1,22.5,0
22023,1629060,0022300713,2024-02-05,LAL @ CHA,W,29,4,6,0.667,1,3,0.333,0,0,0.0,1,4,5,0,1,0,0,1,9,6,1,19.0,2.0,1,22.4,1
22023,1629060,0022300740,2024-02-08,LAL vs. DEN,L,38,1,5,0.2,0,2,0.0,0,0,0.0,1,3,4,0,0,1,1,2,2,-12,1,29.0,3.0,0,23.1,1
22023,1629060,0022300747,2024-02-09,LAL vs. NOP,W,37,9,13,0.692,2,5,0.4,1,2,0.5,0,5,5,1,0,1,0,3,21,21,1,38.0,1.0,0,25.4,1
22023,1629060,0022300776,2024-02-13,LAL vs. DET,W,30,7,10,0.7,0,2,0.0,1,4,0.25,2,3,5,2,0,0,0,1,15,13,1,37.0,4.0,0,26.8,1
22023,1629060,0022300788,2024-02-14,LAL @ UTA,W,34,13,19,0.684,6,8,0.75,4,5,0.8,0,2,2,1,0,1,0,0,36,25,1,30.0,1.0,1,26.8,1
22023,1629060,0022300802,2024-02-22,LAL @ GSW,L,32,3,8,0.375,1,4,0.25,1,2,0.5,1,3,4,1,1,2,1,1,8,-28,1,34.0,8.0,1,28.3,1
22023,1629060,0022300813,2024-02-23,LAL vs. SAS,W,32,7,11,0.636,3,4,0.75,0,0,0.0,1,6,7,0,2,1,1,3,17,2,1,32.0,1.0,0,29.7,0
22023,1629060,0022300818,2024-02-25,LAL @ PHX,L,26,5,9,0.556,2,2,1.0,1,1,1.0,0,4,4,0,0,0,0,2,13,-7,1,32.0,2.0,1,30.7,0
22023,1629060,0022300848,2024-02-28,LAL @ LAC,W,29,8,15,0.533,1,5,0.2,0,0,0.0,1,1,2,0,1,0,2,2,17,1,1,26.0,3.0,1,31.0,0
22023,1629060,0022300856,2024-02-29,LAL vs. WAS,W,35,4,11,0.364,0,2,0.0,0,0,0.0,2,5,7,1,2,0,0,3,8,7,1,29.0,1.0,0,30.6,1
22023,1629060,0022300869,2024-03-02,LAL vs. DEN,L,37,10,15,0.667,3,4,0.75,0,0,0.0,0,3,3,2,0,0,0,2,23,-13,1,35.0,2.0,0,32.2,1
22023,1629060,0022300884,2024-03-04,LAL vs. OKC,W,22,3,8,0.375,1,3,0.333,0,2,0.0,1,0,1,1,0,0,2,3,7,-7,1,37.0,2.0,0,33.0,0
22023,1629060,0022300901,2024-03-06,LAL vs. SAC,L,33,13,17,0.765,3,5,0.6,0,0,0.0,0,2,2,0,2,1,0,0,29,-3,1,22.0,2.0,0,31.4,0
22023,1629060,0022300915,2024-03-08,LAL vs. MIL,W,38,5,16,0.313,1,6,0.167,1,2,0.5,0,5,5,2,0,0,0,1,12,-2,1,33.0,2.0,0,31.0,1
22023,1629060,0022300932,2024-03-10,LAL vs. MIN,W,24,5,10,0.5,3,5,0.6,2,2,1.0,1,1,2,3,0,0,1,0,15,3,1,38.0,2.0,0,31.8,0
22023,1629060,0022300954,2024-03-13,LAL @ SAC,L,36,9,11,0.818,2,3,0.667,0,0,0.0,1,2,3,1,0,0,2,1,20,-6,1,24.0,3.0,1,30.8,1
22023,1629060,0022300973,2024-03-16,LAL vs. GSW,L,30,7,10,0.7,0,2,0.0,0,0,0.0,0,4,4,2,0,1,0,3,14,-4,1,36.0,3.0,0,31.2,0
22023,1629060,0022300990,2024-03-18,LAL vs. ATL,W,26,7,10,0.7,1,2,0.5,2,2,1.0,0,3,3,1,0,0,0,3,17,21,1,30.0,2.0,0,31.0,0
22023,1629060,0022301018,2024-03-22,LAL vs. PHI,W,24,4,10,0.4,1,3,0.333,5,6,0.833,1,6,7,1,0,0,1,3,14,-6,1,26.0,4.0,0,31.0,0
22023,1629060,0022301032,2024-03-24,LAL vs. IND,W,30,4,8,0.5,1,4,0.25,0,0,0.0,0,5,5,1,0,1,0,1,9,6,1,24.0,2.0,0,30.5,0
22023,1629060,0022301045,2024-03-26,LAL @ MIL,W,39,7,14,0.5,0,2,0.0,2,2,1.0,4,10,14,1,0,0,1,2,16,-6,1,30.0,2.0,1,30.0,1
22023,1629060,0022301055,2024-03-27,LAL @ MEM,W,36,11,14,0.786,7,8,0.875,3,4,0.75,0,10,10,1,0,2,0,1,32,35,1,39.0,1.0,1,30.2,1
22023,1629060,0022301063,2024-03-29,LAL @ IND,L,31,5,10,0.5,2,4,0.5,2,2,1.0,0,0,0,0,0,0,0,2,14,-15,1,36.0,2.0,1,31.6,0
22023,1629060,0022301078,2024-03-31,LAL @ BKN,W,37,8,12,0.667,1,4,0.25,3,4,0.75,2,8,10,4,0,1,0,3,20,9,1,31.0,2.0,1,31.4,1
22023,1629060,0022301094,2024-04-02,LAL @ TOR,W,26,6,9,0.667,2,4,0.5,0,0,0.0,1,3,4,4,1,0,0,1,14,6,1,37.0,2.0,1,31.3,0
22023,1629060,0022301103,2024-04-03,LAL @ WAS,W,27,9,12,0.75,1,2,0.5,0,1,0.0,2,5,7,1,0,1,2,2,19,21,1,26.0,1.0,1,31.5,0
22023,1629060,0022301127,2024-04-06,LAL vs. CLE,W,27,3,9,0.333,1,5,0.2,0,2,0.0,0,5,5,0,0,1,1,0,7,-7,1,27.0,3.0,0,30.6,0
22023,1629060,0022301143,2024-04-07,LAL vs. MIN,L,36,11,17,0.647,4,5,0.8,4,4,1.0,2,4,6,1,0,0,0,3,30,1,1,27.0,1.0,0,30.3,1
22023,1629060,0022301155,2024-04-09,LAL vs. GSW,L,31,7,21,0.333,2,7,0.286,4,4,1.0,2,9,11,2,1,2,0,0,20,-6,1,36.0,2.0,0,31.3,0
22023,1629060,0022301177,2024-04-12,LAL @ MEM,W,29,5,6,0.833,2,3,0.667,2,2,1.0,2,3,5,1,1,0,1,1,14,-17,1,31.0,3.0,1,32.0,0
22023,1629060,0022301195,2024-04-14,LAL @ NOP,W,34,5,10,0.5,1,4,0.25,0,0,0.0,1,6,7,4,2,0,1,1,11,10,1,29.0,2.0,1,31.9,0
22024,1629060,0022400270,2024-11-23,LAL vs. DEN,L,22,4,7,0.571,2,4,0.5,0,0,0.0,1,1,2,3,1,0,0,1,10,-13,1,36.0,10.0,0,33.9,0
22024,1629060,0022400039,2024-11-26,LAL @ PHX,L,23,3,8,0.375,1,4,0.25,0,0,0.0,0,1,1,1,0,0,0,1,7,-10,1,22.0,3.0,1,32.6,0
22024,1629060,0022400296,2024-11-27,LAL @ SAS,W,26,5,9,0.556,2,4,0.5,4,4,1.0,2,3,5,2,0,1,0,3,16,-1,1,23.0,1.0,1,31.0,0
22024,1629060,0022400048,2024-11-29,LAL vs. OKC,L,30,4,7,0.571,0,1,0.0,0,0,0.0,3,2,5,2,1,2,1,1,8,-8,1,26.0,2.0,0,29.9,0
22024,1629060,0022400311,2024-12-01,LAL @ UTA,W,40,5,11,0.455,2,8,0.25,1,2,0.5,3,4,7,3,2,0,0,4,13,-2,1,30.0,2.0,1,29.8,1
22024,1629060,0022400318,2024-12-02,LAL @ MIN,L,29,4,5,0.8,0,1,0.0,2,2,1.0,1,3,4,2,2,0,2,2,10,-11,1,40.0,1.0,1,31.0,0
22024,1629060,0022400321,2024-12-04,LAL @ MIA,L,26,6,7,0.857,1,2,0.5,1,1,1.0,0,3,3,1,0,1,1,0,14,-27,1,29.0,2.0,1,30.6,0
22024,1629060,0022400334,2024-12-06,LAL @ ATL,L,41,5,6,0.833,2,2,1.0,0,0,0.0,2,7,9,1,2,2,0,2,12,5,1,26.0,2.0,1,29.7,1
22024,1629060,0022400358,2024-12-08,LAL vs. POR,W,39,9,13,0.692,3,5,0.6,2,2,1.0,1,4,5,2,4,1,1,3,23,31,1,41.0,2.0,0,30.5,1
22024,1629060,0022401210,2024-12-13,LAL @ MIN,L,39,4,13,0.308,0,2,0.0,1,2,0.5,2,5,7,3,2,0,3,2,9,-18,1,39.0,5.0,1,31.2,1
22024,1629060,0022401220,2024-12-15,LAL vs. MEM,W,38,2,5,0.4,0,1,0.0,4,6,0.667,1,5,6,1,1,1,3,5,8,13,1,39.0,2.0,0,31.5,1
22024,1629060,0022400372,2024-12-19,LAL @ SAC,W,37,3,9,0.333,1,4,0.25,3,4,0.75,1,4,5,2,0,1,4,1,10,21,1,38.0,4.0,1,33.1,1
22024,1629060,0022400376,2024-12-21,LAL @ SAC,W,38,4,8,0.5,1,5,0.2,0,0,0.0,3,8,11,1,1,1,0,2,9,10,1,37.0,2.0,1,34.5,1
22024,1629060,0022400404,2024-12-23,LAL vs. DET,L,29,3,8,0.375,0,2,0.0,4,4,1.0,0,1,1,1,1,0,1,1,10,-5,1,38.0,2.0,0,35.7,0
22024,1629060,0022400408,2024-12-25,LAL @ GSW,W,39,6,12,0.5,5,7,0.714,1,1,1.0,1,3,4,1,0,1,1,4,18,-5,1,29.0,2.0,1,35.6,0
22024,1629060,0022400435,2024-12-28,LAL vs. SAC,W,34,7,11,0.636,4,5,0.8,3,3,1.0,0,4,4,0,1,2,1,1,21,-1,1,39.0,3.0,0,35.5,0
22024,1629060,0022400454,2024-12-31,LAL vs. CLE,L,30,3,10,0.3,0,3,0.0,1,2,0.5,3,2,5,0,1,0,1,1,7,-17,1,34.0,3.0,0,36.0,0
22024,1629060,0022400468,2025-01-02,LAL vs. POR,W,23,2,6,0.333,0,4,0.0,2,2,1.0,1,3,4,3,0,0,2,1,6,-3,1,30.0,2.0,0,36.4,0
22024,1629060,0022400477,2025-01-03,LAL vs. ATL,W,24,6,9,0.667,1,3,0.333,0,1,0.0,3,5,8,1,0,1,1,2,13,10,1,23.0,1.0,0,34.6,0
22024,1629060,0022400491,2025-01-05,LAL @ HOU,L,28,5,9,0.556,3,6,0.5,0,2,0.0,1,0,1,0,0,0,1,2,13,4,1,24.0,2.0,1,33.1,0
22024,1629060,0022400504,2025-01-07,LAL @ DAL,L,26,3,5,0.6,0,2,0.0,0,0,0.0,1,0,1,2,1,0,1,2,6,-8,1,28.0,2.0,1,32.0,0
22024,1629060,0022400552,2025-01-13,LAL vs. SAS,L,30,3,6,0.5,3,4,0.75,0,0,0.0,0,3,3,1,2,0,1,1,9,-16,1,26.0,6.0,0,30.8,0
22024,1629060,0022400570,2025-01-15,LAL vs. MIA,W,33,9,15,0.6,2,5,0.4,3,4,0.75,2,6,8,1,1,0,2,2,23,10,1,30.0,2.0,0,30.1,0
22024,1629060,0022400585,2025-01-17,LAL vs. BKN,W,32,4,10,0.4,1,4,0.25,1,1,1.0,3,3,6,4,1,0,1,0,10,3,1,33.0,2.0,0,29.6,0
22024,1629060,0022400596,2025-01-19,LAL @ LAC,L,33,9,14,0.643,1,3,0.333,0,1,0.0,1,6,7,1,0,0,0,1,19,-13,1,32.0,2.0,1,29.9,1
22024,1629060,0022400610,2025-01-21,LAL vs. WAS,W,26,4,10,0.4,0,2,0.0,1,2,0.5,0,5,5,0,1,0,0,2,9,13,1,33.0,2.0,0,29.3,0
22024,1629060,0022400629,2025-01-23,LAL vs. BOS,W,28,3,9,0.333,2,5,0.4,2,2,1.0,2,5,7,2,1,0,0,1,10,12,1,26.0,2.0,0,28.5,0
22024,1629060,0022400660,2025-01-28,LAL @ PHI,L,24,6,9,0.667,1,3,0.333,0,0,0.0,0,2,2,1,0,0,1,2,13,-8,1,28.0,5.0,1,28.3,0
22024,1629060,0022400674,2025-01-30,LAL @ WAS,W,26,9,12,0.75,4,5,0.8,0,0,0.0,0,4,4,0,1,1,1,1,22,21,1,24.0,2.0,1,28.4,0
22024,1629060,0022400692,2025-02-01,LAL @ NYK,W,38,8,12,0.667,3,6,0.5,2,2,1.0,0,3,3,2,1,1,1,1,21,13,1,26.0,2.0,1,28.6,1
22024,1629060,0022400715,2025-02-04,LAL @ LAC,W,34,7,14,0.5,4,8,0.5,2,2,1.0,2,4,6,2,0,0,0,3,20,15,1,38.0,3.0,1,29.6,1
22024,1629060,0022400731,2025-02-06,LAL vs. GSW,W,39,4,9,0.444,1,5,0.2,2,4,0.5,0,4,4,3,0,0,0,3,11,12,1,34.0,2.0,0,30.4,1
22024,1629060,0022400742,2025-02-08,LAL vs. IND,W,33,8,13,0.615,2,3,0.667,6,6,1.0,1,8,9,0,1,0,1,3,24,4,1,39.0,2.0,0,31.3,0
22024,1629060,0022400768,2025-02-10,LAL vs. UTA,W,29,8,14,0.571,3,6,0.5,2,2,1.0,2,4,6,0,2,0,1,4,21,16,1,33.0,2.0,0,31.3,0
22024,1629060,0022400781,2025-02-12,LAL @ UTA,L,30,8,15,0.533,3,5,0.6,0,1,0.0,0,3,3,1,0,0,1,0,19,-16,1,29.0,2.0,1,31.0,0
22024,1629060,0022400524,2025-02-19,LAL vs. CHA,L,39,7,16,0.438,1,8,0.125,2,4,0.5,2,6,8,3,1,0,1,1,17,-1,1,30.0,7.0,0,30.7,1
22024,1629060,0022400796,2025-02-20,LAL @ POR,W,35,3,7,0.429,0,3,0.0,0,0,0.0,4,8,12,1,0,1,1,2,6,0,1,39.0,1.0,1,32.0,0
22024,1629060,0022400808,2025-02-22,LAL @ DEN,W,36,7,12,0.583,4,9,0.444,3,4,0.75,0,0,0,4,1,0,0,2,21,14,1,35.0,2.0,1,32.7,1
22024,1629060,0022400835,2025-02-25,LAL vs. DAL,W,38,6,12,0.5,2,6,0.333,1,2,0.5,1,5,6,0,0,2,1,1,15,19,1,36.0,3.0,0,33.9,1
22024,1629060,0022400849,2025-02-27,LAL vs. MIN,W,18,2,6,0.333,1,4,0.25,0,0,0.0,1,2,3,2,0,0,0,0,5,21,1,38.0,2.0,0,35.1,0
22024,1629060,0022401028,2025-03-22,LAL vs. CHI,L,18,2,6,0.333,1,4,0.25,0,0,0.0,0,2,2,0,1,0,0,0,5,-4,1,18.0,23.0,0,33.1,0
22024,1629060,0022401038,2025-03-24,LAL @ ORL,L,24,2,4,0.5,0,2,0.0,1,2,0.5,1,2,3,0,1,0,1,1,5,-1,1,18.0,2.0,1,31.5,0
22024,1629060,0022401055,2025-03-26,LAL @ IND,W,28,4,5,0.8,4,4,1.0,2,2,1.0,0,4,4,1,0,0,1,2,14,-2,1,24.0,2.0,1,30.0,0
22024,1629060,0022401078,2025-03-29,LAL @ MEM,W,28,5,8,0.625,3,5,0.6,0,0,0.0,0,3,3,0,0,1,0,1,13,-3,1,28.0,3.0,1,29.5,0
22024,1629060,0022401096,2025-03-31,LAL vs. HOU,W,31,3,10,0.3,1,6,0.167,0,0,0.0,0,2,2,0,2,0,0,1,7,0,1,28.0,2.0,0,29.4,0
22024,1629060,0022401117,2025-04-03,LAL vs. GSW,L,34,9,15,0.6,3,6,0.5,3,4,0.75,3,3,6,3,0,0,1,2,24,-1,1,31.0,3.0,0,29.5,1
22024,1629060,0022401135,2025-04-06,LAL @ OKC,W,32,4,10,0.4,2,6,0.333,1,1,1.0,2,5,7,1,0,1,1,3,11,8,1,34.0,3.0,1,29.0,1
22024,1629060,0022401159,2025-04-09,LAL @ DAL,W,38,5,10,0.5,3,7,0.429,2,2,1.0,0,2,2,2,1,0,1,2,15,21,1,32.0,3.0,1,28.7,1
22024,1629060,0022401185,2025-04-11,LAL vs. HOU,W,32,6,8,0.75,1,2,0.5,3,4,0.75,0,5,5,1,0,0,0,2,16,15,1,38.0,2.0,0,28.9,1
22025,1629060,0022500198,2025-11-10,LAL @ CHA,W,36,9,12,0.75,3,3,1.0,0,0,0.0,2,1,3,2,1,0,1,1,21,13,1,23.0,2.0,1,34.5,0
22025,1629060,0022500222,2025-11-12,LAL @ OKC,L,33,5,11,0.455,2,5,0.4,1,2,0.5,0,5,5,1,2,0,0,0,13,-35,1,36.0,2.0,1,34.6,0
22025,1629060,0022500045,2025-11-14,LAL @ NOP,W,35,6,10,0.6,2,5,0.4,0,0,0.0,0,4,4,0,1,0,1,0,14,30,1,33.0,2.0,1,34.7,0
22025,1629060,0022500253,2025-11-18,LAL vs. UTA,W,26,3,8,0.375,0,2,0.0,0,0,0.0,2,2,4,1,0,0,0,1,6,14,1,35.0,4.0,0,34.2,0
22025,1629060,0022500282,2025-11-23,LAL @ UTA,W,29,4,8,0.5,2,4,0.5,3,4,0.75,0,6,6,0,0,1,0,1,13,2,1,26.0,5.0,1,33.2,0
22025,1629060,0022500059,2025-11-25,LAL vs. LAC,W,31,6,9,0.667,1,2,0.5,0,0,0.0,1,2,3,0,0,0,1,2,13,3,1,29.0,2.0,0,32.4,0
22025,1629060,0022500078,2025-11-28,LAL vs. DAL,W,36,5,13,0.385,4,8,0.5,0,0,0.0,2,2,4,0,1,0,2,1,14,10,1,31.0,3.0,0,31.7,1
22025,1629060,0022500308,2025-11-30,LAL vs. NOP,W,34,6,14,0.429,2,8,0.25,0,0,0.0,1,1,2,0,0,0,0,2,14,-3,1,36.0,2.0,0,32.2,0
22025,1629060,0022500317,2025-12-01,LAL vs. PHX,L,23,0,1,0.0,0,0,0.0,0,0,0.0,0,1,1,0,0,0,0,0,0,-12,1,34.0,1.0,0,31.8,0
22025,1629060,0022500336,2025-12-04,LAL @ TOR,W,35,4,9,0.444,2,3,0.667,2,2,1.0,1,2,3,0,1,0,1,2,12,4,1,23.0,3.0,1,30.6,1
22025,1629060,0022500338,2025-12-05,LAL @ BOS,L,29,5,11,0.455,3,7,0.429,0,0,0.0,0,7,7,0,0,0,2,1,13,-15,1,35.0,1.0,1,31.8,0
22025,1629060,0022500362,2025-12-07,LAL @ PHI,W,36,7,12,0.583,3,7,0.429,0,0,0.0,2,4,6,1,0,0,0,3,17,7,1,29.0,2.0,1,31.1,1
22025,1629060,0022501204,2025-12-10,LAL vs. SAS,L,31,3,4,0.75,2,3,0.667,0,0,0.0,0,1,1,1,0,1,0,1,8,5,1,36.0,3.0,0,31.4,0
22025,1629060,0022501228,2025-12-14,LAL @ PHX,W,31,1,5,0.2,1,4,0.25,0,0,0.0,2,5,7,1,2,0,0,3,3,-12,1,31.0,4.0,1,31.0,0
22025,1629060,0022500379,2025-12-18,LAL @ UTA,W,33,6,10,0.6,1,3,0.333,0,0,0.0,0,3,3,1,0,1,0,4,13,2,1,31.0,4.0,1,31.5,0
22025,1629060,0022500012,2025-12-25,LAL vs. HOU,L,28,0,6,0.0,0,3,0.0,0,0,0.0,1,1,2,1,1,0,1,3,0,-29,1,33.0,7.0,0,31.9,0
22025,1629060,0022500446,2025-12-28,LAL vs. SAC,W,26,5,10,0.5,2,4,0.5,0,0,0.0,0,4,4,1,2,0,0,1,12,24,1,28.0,3.0,0,31.6,0
22025,1629060,0022500569,2026-01-13,LAL vs. ATL,W,18,3,7,0.429,1,3,0.333,0,0,0.0,1,1,2,0,0,0,0,0,7,-1,1,26.0,16.0,0,30.6,0
22025,1629060,0022500586,2026-01-15,LAL vs. CHA,L,18,1,4,0.25,1,4,0.25,0,0,0.0,0,1,1,1,0,1,1,2,3,-17,1,18.0,2.0,0,29.0,0
22025,1629060,0022500601,2026-01-17,LAL @ POR,L,19,4,7,0.571,1,3,0.333,2,2,1.0,0,1,1,1,2,1,0,2,11,-11,1,18.0,2.0,1,28.5,0
22025,1629060,0022500607,2026-01-18,LAL vs. TOR,W,21,4,10,0.4,2,6,0.333,0,0,0.0,0,0,0,0,0,0,1,1,10,8,1,19.0,1.0,0,26.9,0
22025,1629060,0022500617,2026-01-20,LAL @ DEN,W,28,4,13,0.308,1,3,0.333,0,0,0.0,3,3,6,1,1,0,0,2,9,-2,1,21.0,2.0,1,26.1,0
22025,1629060,0022500633,2026-01-22,LAL @ LAC,L,28,5,11,0.455,2,7,0.286,0,0,0.0,0,3,3,2,0,1,1,1,12,6,1,28.0,2.0,1,25.3,1
22025,1629060,0022500648,2026-01-24,LAL @ DAL,W,27,6,13,0.462,4,7,0.571,1,1,1.0,1,7,8,1,0,1,0,1,17,21,1,28.0,2.0,1,25.0,0
22025,1629060,0022500661,2026-01-26,LAL @ CHI,W,29,9,11,0.818,4,5,0.8,1,2,0.5,0,2,2,1,1,1,0,1,23,22,1,27.0,2.0,1,24.6,1
22025,1629060,0022500671,2026-01-28,LAL @ CLE,L,18,0,7,0.0,0,2,0.0,0,0,0.0,0,2,2,0,0,1,1,0,0,-17,1,29.0,2.0,1,24.2,0
22025,1629060,0022500688,2026-01-30,LAL @ WAS,W,18,3,5,0.6,2,3,0.667,3,6,0.5,0,2,2,2,0,0,1,1,11,-2,1,18.0,2.0,1,23.2,0
22025,1629060,0022500708,2026-02-01,LAL @ NYK,L,29,5,11,0.455,1,5,0.2,0,0,0.0,0,3,3,1,0,0,1,0,11,-1,1,18.0,2.0,1,22.4,1
22025,1629060,0022500719,2026-02-03,LAL @ BKN,W,26,2,3,0.667,1,2,0.5,0,0,0.0,0,3,3,0,1,0,1,0,5,-1,1,29.0,2.0,1,23.5,1
22025,1629060,0022500740,2026-02-05,LAL vs. PHI,W,35,5,7,0.714,2,2,1.0,2,2,1.0,0,7,7,1,0,0,0,2,14,16,1,26.0,2.0,0,24.3,1
22025,1629060,0022500753,2026-02-07,LAL vs. GSW,W,28,7,10,0.7,4,5,0.8,0,0,0.0,0,1,1,0,0,1,1,0,18,-6,1,35.0,2.0,0,25.9,0
22025,1629060,0022500769,2026-02-09,LAL vs. OKC,L,33,5,8,0.625,2,5,0.4,0,0,0.0,0,5,5,2,0,0,1,1,12,4,1,28.0,2.0,0,26.6,1
22025,1629060,0022500774,2026-02-10,LAL vs. SAS,L,27,3,12,0.25,0,3,0.0,0,0,0.0,0,4,4,2,2,0,1,1,6,-24,1,33.0,1.0,0,27.1,0
22025,1629060,0022500791,2026-02-12,LAL vs. DAL,W,35,9,13,0.692,3,4,0.75,0,0,0.0,0,3,3,1,1,0,1,4,21,18,1,27.0,2.0,0,27.0,1
22025,1629060,0022500809,2026-02-20,LAL vs. LAC,W,26,1,4,0.25,1,3,0.333,0,0,0.0,1,1,2,2,1,0,0,1,3,9,1,35.0,8.0,0,27.8,0
22025,1629060,0022500823,2026-02-22,LAL vs. BOS,L,21,2,7,0.286,1,4,0.25,0,0,0.0,1,1,2,0,0,0,0,1,5,-13,1,26.0,2.0,0,27.5,0
22025,1629060,0022500840,2026-02-24,LAL vs. ORL,L,26,4,7,0.571,2,5,0.4,0,0,0.0,0,0,0,0,2,1,0,2,10,-3,1,21.0,2.0,0,27.8,0
22025,1629060,0022500878,2026-03-01,LAL vs. SAC,W,22,2,8,0.25,2,4,0.5,2,2,1.0,1,1,2,0,1,1,0,2,8,12,1,26.0,5.0,0,28.6,0
22025,1629060,0022500891,2026-03-03,LAL vs. NOP,W,19,0,4,0.0,0,4,0.0,2,2,1.0,0,2,2,0,0,0,0,1,2,-6,1,22.0,2.0,0,27.9,0
22025,1629060,0022500906,2026-03-05,LAL @ DEN,L,29,6,9,0.667,4,5,0.8,0,0,0.0,0,2,2,3,1,0,1,3,16,10,1,19.0,2.0,1,27.2,0
22025,1629060,0022500914,2026-03-06,LAL vs. IND,W,23,5,8,0.625,2,3,0.667,1,1,1.0,0,3,3,1,0,0,0,0,13,6,1,29.0,1.0,0,26.6,0
22025,1629060,0022500922,2026-03-08,LAL vs. NYK,W,37,5,11,0.455,3,8,0.375,0,0,0.0,2,5,7,2,0,1,1,0,13,5,1,23.0,2.0,0,26.1,1
22025,1629060,0022500946,2026-03-10,LAL vs. MIN,W,24,4,8,0.5,1,4,0.25,0,0,0.0,0,1,1,1,0,0,0,5,9,3,1,37.0,2.0,0,26.5,0
22025,1629060,0022500960,2026-03-12,LAL vs. CHI,W,40,6,10,0.6,3,5,0.6,0,0,0.0,1,0,1,1,1,0,0,1,15,16,1,24.0,2.0,0,26.2,1
22025,1629060,0022500974,2026-03-14,LAL vs. DEN,W,25,3,6,0.5,0,3,0.0,0,0,0.0,1,3,4,0,0,0,0,2,6,-8,1,40.0,2.0,0,26.7,0
22025,1629060,0022500989,2026-03-16,LAL @ HOU,W,23,3,6,0.5,0,2,0.0,0,0,0.0,1,2,3,0,1,0,1,4,6,-3,1,25.0,2.0,1,26.6,0
22025,1629060,0022501007,2026-03-18,LAL @ HOU,W,21,3,4,0.75,2,2,1.0,0,0,0.0,1,2,3,0,0,1,0,1,8,8,1,23.0,2.0,1,26.8,0
22025,1629060,0022501010,2026-03-19,LAL @ MIA,W,18,3,6,0.5,1,2,0.5,0,0,0.0,0,1,1,0,1,0,1,3,7,-5,1,21.0,1.0,1,26.3,0
22025,1629060,0022501024,2026-03-21,LAL @ ORL,W,15,1,2,0.5,0,0,0.0,0,0,0.0,0,1,1,0,0,1,0,1,2,-3,1,18.0,2.0,1,25.9,0
22025,1629060,0022501075,2026-03-27,LAL vs. BKN,W,26,3,6,0.5,0,2,0.0,2,4,0.5,0,3,3,0,1,0,0,0,8,7,1,15.0,6.0,0,25.5,0
22025,1629060,0022501098,2026-03-30,LAL vs. WAS,W,26,6,10,0.6,1,3,0.333,1,2,0.5,0,6,6,0,0,0,0,2,14,9,1,26.0,3.0,0,25.2,0
22025,1629060,0022501103,2026-03-31,LAL vs. CLE,W,19,6,8,0.75,2,3,0.667,0,0,0.0,0,1,1,0,0,1,0,1,14,10,1,26.0,1.0,0,25.5,0
22025,1629060,0022501116,2026-04-02,LAL @ OKC,L,18,2,9,0.222,0,3,0.0,0,0,0.0,1,0,1,0,1,1,0,0,4,-39,1,19.0,2.0,1,23.7,0
22025,1629060,0022501140,2026-04-05,LAL @ DAL,L,39,9,13,0.692,3,5,0.6,0,0,0.0,2,5,7,1,1,0,0,1,21,5,1,18.0,3.0,1,23.1,1
22025,1629060,0022501155,2026-04-07,LAL vs. OKC,L,26,7,10,0.7,1,1,1.0,0,3,0.0,1,4,5,1,0,1,2,1,15,-24,1,39.0,2.0,0,23.0,1
22025,1629060,0022501170,2026-04-09,LAL @ GSW,W,30,5,12,0.417,2,4,0.5,0,1,0.0,0,2,2,2,3,0,0,2,12,20,1,26.0,2.0,1,23.1,1
22025,1629060,0022501185,2026-04-10,LAL vs. PHX,W,31,4,8,0.5,2,3,0.667,3,4,0.75,0,2,2,3,0,0,2,4,13,28,1,30.0,1.0,0,23.8,1
22025,1629060,0022501198,2026-04-12,LAL vs. UTA,W,29,8,12,0.667,3,5,0.6,3,4,0.75,2,8,10,0,1,0,0,3,22,19,1,31.0,2.0,0,24.8,1
22023,1630559,0022300026,2023-11-14,LAL vs. MEM,W,29,5,9,0.556,4,4,1.0,2,3,0.667,2,10,12,7,0,0,3,0,16,13,1,28.0,2.0,0,31.9,0
22023,1630559,0022300198,2023-11-15,LAL vs. SAC,L,34,4,10,0.4,0,5,0.0,1,2,0.5,2,9,11,8,1,0,4,1,9,0,1,29.0,1.0,0,31.7,0
22023,1630559,0022300036,2023-11-17,LAL @ POR,W,18,1,4,0.25,0,0,0.0,5,6,0.833,1,1,2,4,0,0,3,0,7,11,1,34.0,2.0,1,32.3,0
22023,1630559,0022300216,2023-11-19,LAL vs. HOU,W,25,5,7,0.714,2,3,0.667,5,6,0.833,0,6,6,6,0,0,2,0,17,9,1,18.0,2.0,0,31.3,0
22023,1630559,0022300042,2023-11-21,LAL vs. UTA,W,26,7,13,0.538,1,4,0.25,4,4,1.0,0,5,5,5,3,0,2,0,19,10,1,25.0,2.0,0,30.7,0
22023,1630559,0022300238,2023-11-22,LAL vs. DAL,L,31,7,14,0.5,1,5,0.2,2,3,0.667,1,5,6,6,0,0,2,5,17,-3,1,26.0,1.0,0,29.5,0
22023,1630559,0022300242,2023-11-25,LAL @ CLE,W,32,4,8,0.5,1,2,0.5,6,6,1.0,1,4,5,10,2,0,2,1,15,-2,1,31.0,3.0,1,29.2,0
22023,1630559,0022300255,2023-11-27,LAL @ PHI,L,29,4,10,0.4,1,4,0.25,3,3,1.0,0,2,2,2,0,0,3,2,12,-19,1,32.0,2.0,1,28.4,0
22023,1630559,0022300258,2023-11-29,LAL @ DET,W,24,3,8,0.375,0,4,0.0,0,0,0.0,1,2,3,4,0,1,2,2,6,13,1,29.0,2.0,1,28.7,0
22023,1630559,0022300271,2023-11-30,LAL @ OKC,L,29,5,9,0.556,1,4,0.25,3,3,1.0,0,2,2,3,0,0,2,2,14,-23,1,24.0,1.0,1,27.6,0
22023,1630559,0022300291,2023-12-02,LAL vs. HOU,W,22,6,11,0.545,1,4,0.25,5,6,0.833,1,3,4,1,3,0,1,2,18,15,1,29.0,2.0,0,27.7,0
22023,1630559,0022301203,2023-12-05,LAL vs. PHX,W,27,7,16,0.438,3,8,0.375,3,3,1.0,2,4,6,2,0,0,3,1,20,17,1,22.0,3.0,0,27.0,0
22023,1630559,0022301230,2023-12-07,LAL vs. NOP,W,23,5,9,0.556,3,6,0.5,4,4,1.0,0,5,5,7,1,0,2,0,17,21,1,27.0,2.0,0,26.3,0
22023,1630559,0022300306,2023-12-12,LAL @ DAL,L,32,7,14,0.5,4,7,0.571,4,5,0.8,0,5,5,8,0,0,3,2,22,4,1,23.0,5.0,1,26.8,1
22023,1630559,0022300316,2023-12-13,LAL @ SAS,W,29,6,10,0.6,3,6,0.5,0,0,0.0,2,2,4,8,1,0,1,2,15,-9,1,32.0,1.0,1,27.5,0
22023,1630559,0022300331,2023-12-15,LAL @ SAS,L,34,8,18,0.444,4,10,0.4,2,2,1.0,2,5,7,4,0,0,2,0,22,-8,1,29.0,2.0,1,27.8,1
22023,1630559,0022300359,2023-12-18,LAL vs. NYK,L,33,6,15,0.4,3,7,0.429,5,5,1.0,0,3,3,7,1,0,4,2,20,7,1,34.0,3.0,0,28.1,1
22023,1630559,0022300370,2023-12-20,LAL @ CHI,L,28,9,14,0.643,2,5,0.4,1,1,1.0,0,0,0,3,1,1,3,1,21,-22,1,33.0,2.0,1,28.2,0
22023,1630559,0022300380,2023-12-21,LAL @ MIN,L,27,7,14,0.5,1,4,0.25,5,5,1.0,2,6,8,5,2,0,4,2,20,-9,1,28.0,1.0,1,28.1,0
22023,1630559,0022300397,2023-12-23,LAL @ OKC,W,28,4,8,0.5,2,5,0.4,1,1,1.0,0,3,3,9,0,0,1,3,11,-2,1,27.0,2.0,1,28.4,0
22023,1630559,0022300403,2023-12-25,LAL vs. BOS,L,28,4,9,0.444,2,3,0.667,1,1,1.0,4,2,6,3,1,0,2,3,11,-1,1,28.0,2.0,0,28.3,0
22023,1630559,0022300428,2023-12-28,LAL vs. CHA,W,24,6,8,0.75,2,3,0.667,2,2,1.0,0,2,2,4,1,0,0,4,16,9,1,28.0,3.0,0,28.9,0
22023,1630559,0022300443,2023-12-30,LAL @ MIN,L,29,2,11,0.182,0,5,0.0,5,6,0.833,1,1,2,0,0,0,1,2,9,2,1,24.0,2.0,1,28.6,0
22023,1630559,0022300446,2023-12-31,LAL @ NOP,L,36,7,12,0.583,1,5,0.2,5,6,0.833,1,1,2,9,1,1,0,3,20,-19,1,29.0,1.0,1,29.2,1
22023,1630559,0022300475,2024-01-03,LAL vs. MIA,L,37,7,12,0.583,2,6,0.333,8,9,0.889,0,5,5,8,0,0,3,2,24,-2,1,36.0,3.0,0,29.6,1
22023,1630559,0022300491,2024-01-05,LAL vs. MEM,L,40,8,14,0.571,0,3,0.0,3,4,0.75,0,7,7,12,2,0,1,4,19,-23,1,37.0,2.0,0,30.4,1
22023,1630559,0022300505,2024-01-07,LAL vs. LAC,W,32,2,5,0.4,0,3,0.0,4,5,0.8,0,0,0,2,0,0,2,0,8,-4,1,40.0,2.0,0,31.0,0
22023,1630559,0022300516,2024-01-09,LAL vs. TOR,W,32,3,10,0.3,1,6,0.167,4,4,1.0,0,3,3,7,1,0,0,2,11,-2,1,32.0,2.0,0,30.9,0
22023,1630559,0022300531,2024-01-11,LAL vs. PHX,L,30,4,7,0.571,2,3,0.667,3,3,1.0,1,0,1,6,1,0,3,2,13,-23,1,32.0,2.0,0,31.3,0
22023,1630559,0022300549,2024-01-13,LAL @ UTA,L,31,7,8,0.875,1,2,0.5,4,6,0.667,1,3,4,2,0,0,1,6,19,-21,1,30.0,2.0,1,31.6,0
22023,1630559,0022300565,2024-01-15,LAL vs. OKC,W,33,6,10,0.6,1,3,0.333,2,2,1.0,0,3,3,7,0,1,2,0,15,9,1,31.0,2.0,0,31.9,0
22023,1630559,0022300577,2024-01-17,LAL vs. DAL,W,30,6,8,0.75,2,2,1.0,0,0,0.0,0,3,3,7,1,0,3,2,14,20,1,33.0,2.0,0,32.4,0
22023,1630559,0022300591,2024-01-19,LAL vs. BKN,L,33,4,12,0.333,0,6,0.0,1,1,1.0,0,3,3,5,1,0,0,2,9,-13,1,30.0,2.0,0,33.0,0
22023,1630559,0022300605,2024-01-21,LAL vs. POR,W,26,5,10,0.5,3,4,0.75,2,2,1.0,1,3,4,2,1,0,1,1,15,4,1,33.0,2.0,0,33.4,0
22023,1630559,0022300618,2024-01-23,LAL @ LAC,L,34,5,14,0.357,2,8,0.25,0,0,0.0,0,2,2,5,2,1,3,3,12,-8,1,26.0,2.0,1,32.4,0
22023,1630559,0022300633,2024-01-25,LAL vs. CHI,W,33,7,9,0.778,2,3,0.667,4,4,1.0,0,3,3,8,0,0,1,4,20,14,1,34.0,2.0,0,32.1,0
22023,1630559,0022300650,2024-01-27,LAL @ GSW,W,47,4,14,0.286,1,7,0.143,8,9,0.889,0,2,2,6,2,0,5,3,17,4,1,33.0,2.0,1,31.4,1
22023,1630559,0022300662,2024-01-29,LAL @ HOU,L,30,3,8,0.375,1,3,0.333,1,2,0.5,1,2,3,5,1,0,2,1,8,-11,1,47.0,2.0,1,32.9,0
22023,1630559,0022300669,2024-01-30,LAL @ ATL,L,32,10,19,0.526,3,8,0.375,5,7,0.714,0,0,0,6,2,0,2,1,28,-15,1,30.0,1.0,1,32.7,0
22023,1630559,0022300684,2024-02-01,LAL @ BOS,W,35,10,18,0.556,7,10,0.7,5,7,0.714,0,2,2,3,0,0,0,1,32,16,1,32.0,2.0,1,32.9,0
22023,1630559,0022300701,2024-02-03,LAL @ NYK,W,39,6,13,0.462,3,6,0.5,7,8,0.875,0,6,6,7,0,2,1,3,22,8,1,35.0,2.0,1,33.3,1
22023,1630559,0022300713,2024-02-05,LAL @ CHA,W,36,3,8,0.375,0,5,0.0,3,3,1.0,0,4,4,11,1,1,5,3,9,15,1,39.0,2.0,1,33.9,0
22023,1630559,0022300740,2024-02-08,LAL vs. DEN,L,36,6,16,0.375,2,7,0.286,1,2,0.5,1,1,2,10,2,0,1,2,15,-9,1,36.0,3.0,0,34.5,0
22023,1630559,0022300747,2024-02-09,LAL vs. NOP,W,31,10,15,0.667,3,4,0.75,4,5,0.8,0,2,2,4,0,0,0,3,27,3,1,36.0,1.0,0,34.8,0
22023,1630559,0022300776,2024-02-13,LAL vs. DET,W,32,3,9,0.333,2,5,0.4,7,7,1.0,0,7,7,6,1,1,2,4,15,25,1,31.0,4.0,0,35.3,0
22023,1630559,0022300788,2024-02-14,LAL @ UTA,W,34,9,13,0.692,3,5,0.6,1,1,1.0,0,4,4,7,3,0,3,0,22,22,1,32.0,1.0,1,35.1,0
22023,1630559,0022300802,2024-02-22,LAL @ GSW,L,27,7,11,0.636,2,5,0.4,0,0,0.0,0,2,2,4,0,1,2,2,16,-18,1,34.0,8.0,1,35.2,0
22023,1630559,0022300813,2024-02-23,LAL vs. SAS,W,33,4,12,0.333,2,5,0.4,0,0,0.0,1,4,5,9,0,2,5,2,10,1,1,27.0,1.0,0,33.2,0
22023,1630559,0022300818,2024-02-25,LAL @ PHX,L,35,5,12,0.417,2,7,0.286,2,2,1.0,0,4,4,4,1,0,2,1,14,-10,1,33.0,2.0,1,33.5,0
22023,1630559,0022300848,2024-02-28,LAL @ LAC,W,36,6,11,0.545,1,4,0.25,0,0,0.0,1,7,8,5,1,0,1,1,13,-5,1,35.0,3.0,1,33.8,0
22023,1630559,0022300856,2024-02-29,LAL vs. WAS,W,39,6,11,0.545,0,2,0.0,0,0,0.0,1,5,6,4,1,1,1,3,12,2,1,36.0,1.0,0,33.9,1
22023,1630559,0022300869,2024-03-02,LAL vs. DEN,L,37,7,12,0.583,3,6,0.5,2,2,1.0,0,2,2,14,0,0,2,1,19,-9,1,39.0,2.0,0,33.9,0
22023,1630559,0022300884,2024-03-04,LAL vs. OKC,W,29,6,8,0.75,4,5,0.8,0,0,0.0,1,5,6,7,1,0,5,1,16,8,1,37.0,2.0,0,34.0,0
22023,1630559,0022300901,2024-03-06,LAL vs. SAC,L,36,6,15,0.4,4,7,0.571,2,2,1.0,1,3,4,4,0,0,2,2,18,-4,1,29.0,2.0,0,33.3,0
22023,1630559,0022300915,2024-03-08,LAL vs. MIL,W,37,7,12,0.583,2,5,0.4,2,4,0.5,0,5,5,7,1,0,2,1,18,-1,1,36.0,2.0,0,33.8,0
22023,1630559,0022300932,2024-03-10,LAL vs. MIN,W,36,7,13,0.538,3,6,0.5,2,2,1.0,0,6,6,4,0,0,4,2,19,10,1,37.0,2.0,0,34.3,0
22023,1630559,0022300954,2024-03-13,LAL @ SAC,L,37,10,17,0.588,7,12,0.583,1,2,0.5,0,6,6,4,1,0,1,1,28,-2,1,36.0,3.0,1,34.5,0
22023,1630559,0022300973,2024-03-16,LAL vs. GSW,L,34,4,13,0.308,2,9,0.222,1,1,1.0,0,3,3,3,0,0,3,0,11,-5,1,37.0,3.0,0,35.5,0
22023,1630559,0022300990,2024-03-18,LAL vs. ATL,W,28,4,9,0.444,0,3,0.0,4,4,1.0,1,5,6,4,1,1,0,3,12,21,1,34.0,2.0,0,35.6,0
22023,1630559,0022301018,2024-03-22,LAL vs. PHI,W,33,3,8,0.375,2,5,0.4,6,8,0.75,1,5,6,5,0,1,3,2,14,-1,1,28.0,4.0,0,34.9,0
22023,1630559,0022301032,2024-03-24,LAL vs. IND,W,37,6,13,0.462,2,5,0.4,11,12,0.917,1,4,5,8,0,1,2,1,25,4,1,33.0,2.0,0,34.6,0
22023,1630559,0022301045,2024-03-26,LAL @ MIL,W,48,10,20,0.5,4,11,0.364,5,6,0.833,2,12,14,10,0,2,1,3,29,-2,1,37.0,2.0,1,34.4,1
22023,1630559,0022301055,2024-03-27,LAL @ MEM,W,35,4,12,0.333,0,4,0.0,5,5,1.0,1,1,2,11,0,0,2,1,13,31,1,48.0,1.0,1,35.5,0
22023,1630559,0022301063,2024-03-29,LAL @ IND,L,36,7,16,0.438,1,7,0.143,1,1,1.0,1,12,13,6,1,0,5,2,16,-15,1,35.0,2.0,1,36.1,0
22023,1630559,0022301078,2024-03-31,LAL @ BKN,W,35,5,11,0.455,0,4,0.0,2,2,1.0,1,6,7,6,1,0,1,0,12,26,1,36.0,2.0,1,36.1,0
22023,1630559,0022301094,2024-04-02,LAL @ TOR,W,25,2,9,0.222,1,5,0.2,2,2,1.0,1,3,4,6,0,3,1,2,7,6,1,35.0,2.0,1,35.9,0
22023,1630559,0022301103,2024-04-03,LAL @ WAS,W,35,7,15,0.467,2,6,0.333,0,0,0.0,2,2,4,4,2,0,1,1,16,7,1,25.0,1.0,1,34.8,0
22023,1630559,0022301127,2024-04-06,LAL vs. CLE,W,33,3,6,0.5,1,4,0.25,0,0,0.0,0,2,2,6,1,0,3,3,7,-6,1,35.0,3.0,0,34.6,0
22023,1630559,0022301143,2024-04-07,LAL vs. MIN,L,35,4,14,0.286,2,8,0.25,4,6,0.667,0,3,3,2,1,0,4,3,14,-17,1,33.0,1.0,0,34.5,0
22023,1630559,0022301155,2024-04-09,LAL vs. GSW,L,35,8,15,0.533,4,7,0.571,2,3,0.667,3,4,7,6,0,0,0,3,22,0,1,35.0,2.0,0,35.2,0
22023,1630559,0022301177,2024-04-12,LAL @ MEM,W,25,5,8,0.625,3,5,0.6,0,1,0.0,0,0,0,1,0,2,2,5,13,-22,1,35.0,3.0,1,35.4,0
22023,1630559,0022301195,2024-04-14,LAL @ NOP,W,29,8,12,0.667,3,7,0.429,1,2,0.5,0,1,1,2,1,1,2,2,20,13,1,25.0,2.0,1,34.2,0
22024,1630559,0022400225,2024-11-13,LAL vs. MEM,W,36,5,14,0.357,3,11,0.273,5,7,0.714,0,2,2,6,1,0,3,4,18,-1,1,33.0,3.0,0,34.4,0
22024,1630559,0022400015,2024-11-15,LAL @ SAS,W,32,6,12,0.5,5,9,0.556,2,2,1.0,1,2,3,6,0,0,0,3,19,-8,1,36.0,2.0,1,34.4,0
22024,1630559,0022400231,2024-11-16,LAL @ NOP,W,41,3,15,0.2,2,9,0.222,2,2,1.0,1,1,2,7,1,0,0,1,10,9,1,32.0,1.0,1,33.9,1
22024,1630559,0022400026,2024-11-19,LAL vs. UTA,W,33,6,14,0.429,3,7,0.429,2,2,1.0,0,0,0,5,0,0,3,1,17,4,1,41.0,3.0,0,34.6,0
22024,1630559,0022400263,2024-11-21,LAL vs. ORL,L,33,3,12,0.25,1,4,0.25,2,5,0.4,1,1,2,3,1,0,2,0,9,-8,1,33.0,2.0,0,34.1,0
22024,1630559,0022400270,2024-11-23,LAL vs. DEN,L,32,7,13,0.538,3,7,0.429,2,2,1.0,1,2,3,6,1,0,3,1,19,-22,1,33.0,2.0,0,34.6,0
22024,1630559,0022400039,2024-11-26,LAL @ PHX,L,31,6,12,0.5,2,6,0.333,1,1,1.0,1,2,3,2,2,0,1,0,15,-16,1,32.0,3.0,1,34.4,0
22024,1630559,0022400296,2024-11-27,LAL @ SAS,W,31,5,11,0.455,3,6,0.5,0,0,0.0,0,2,2,2,0,0,3,1,13,8,1,31.0,1.0,1,33.6,0
22024,1630559,0022400048,2024-11-29,LAL vs. OKC,L,29,3,11,0.273,1,9,0.111,4,5,0.8,1,4,5,3,0,0,5,3,11,-8,1,31.0,2.0,0,33.2,0
22024,1630559,0022401210,2024-12-13,LAL @ MIN,L,30,6,16,0.375,4,8,0.5,2,2,1.0,2,4,6,6,0,0,2,5,18,-2,1,29.0,14.0,1,33.1,0
22024,1630559,0022401220,2024-12-15,LAL vs. MEM,W,36,6,15,0.4,2,8,0.25,5,5,1.0,0,2,2,8,2,0,1,4,19,11,1,30.0,2.0,0,32.8,0
22024,1630559,0022400372,2024-12-19,LAL @ SAC,W,35,7,14,0.5,3,7,0.429,8,9,0.889,0,6,6,5,2,0,1,0,25,9,1,36.0,4.0,1,32.8,0
22024,1630559,0022400376,2024-12-21,LAL @ SAC,W,36,6,14,0.429,1,7,0.143,3,5,0.6,2,2,4,5,0,0,2,1,16,10,1,35.0,2.0,1,33.1,0
22024,1630559,0022400404,2024-12-23,LAL vs. DET,L,37,5,9,0.556,2,5,0.4,0,0,0.0,0,7,7,2,2,0,6,2,12,16,1,36.0,2.0,0,32.6,1
22024,1630559,0022400408,2024-12-25,LAL @ GSW,W,37,8,20,0.4,4,10,0.4,6,6,1.0,2,8,10,10,1,0,3,0,26,-4,1,37.0,2.0,1,33.0,1
22024,1630559,0022400435,2024-12-28,LAL vs. SAC,W,43,9,16,0.563,3,4,0.75,5,8,0.625,1,5,6,16,0,0,5,3,26,15,1,37.0,3.0,0,33.4,1
22024,1630559,0022400454,2024-12-31,LAL vs. CLE,L,38,11,20,0.55,1,4,0.25,12,13,0.923,1,8,9,10,1,0,4,2,35,-3,1,43.0,3.0,0,34.5,1
22024,1630559,0022400468,2025-01-02,LAL vs. POR,W,36,5,15,0.333,2,9,0.222,3,3,1.0,2,6,8,11,2,0,3,3,15,10,1,38.0,2.0,0,35.2,0
22024,1630559,0022400477,2025-01-03,LAL vs. ATL,W,39,6,18,0.333,3,7,0.429,5,6,0.833,4,3,7,6,0,0,6,1,20,18,1,36.0,1.0,0,35.7,0
22024,1630559,0022400491,2025-01-05,LAL @ HOU,L,41,6,13,0.462,3,6,0.5,6,7,0.857,0,0,0,10,0,0,0,2,21,12,1,39.0,2.0,1,36.7,1
22024,1630559,0022400504,2025-01-07,LAL @ DAL,L,32,5,14,0.357,4,11,0.364,1,2,0.5,0,2,2,1,3,0,1,1,15,-25,1,41.0,2.0,1,37.8,0
22024,1630559,0022400552,2025-01-13,LAL vs. SAS,L,33,4,13,0.308,2,7,0.286,2,2,1.0,1,4,5,8,0,0,4,3,12,-18,1,32.0,6.0,0,37.4,0
22024,1630559,0022400570,2025-01-15,LAL vs. MIA,W,35,5,9,0.556,2,3,0.667,2,2,1.0,0,3,3,14,3,0,1,4,14,14,1,33.0,2.0,0,37.2,0
22024,1630559,0022400585,2025-01-17,LAL vs. BKN,W,37,13,23,0.565,4,8,0.5,8,8,1.0,0,3,3,3,2,1,0,2,38,1,1,35.0,2.0,0,37.1,0
22024,1630559,0022400596,2025-01-19,LAL @ LAC,L,34,4,6,0.667,2,4,0.5,4,4,1.0,0,2,2,3,0,1,5,1,14,-16,1,37.0,2.0,1,37.1,0
22024,1630559,0022400610,2025-01-21,LAL vs. WAS,W,36,4,15,0.267,1,8,0.125,7,7,1.0,1,1,2,8,1,0,2,1,16,18,1,34.0,2.0,0,36.8,0
22024,1630559,0022400629,2025-01-23,LAL vs. BOS,W,33,7,13,0.538,4,8,0.5,5,6,0.833,0,3,3,6,0,0,0,1,23,14,1,36.0,2.0,0,36.1,0
22024,1630559,0022400644,2025-01-25,LAL @ GSW,W,39,6,10,0.6,1,4,0.25,3,3,1.0,1,4,5,7,1,0,3,0,16,17,1,33.0,2.0,1,35.6,0
22024,1630559,0022400648,2025-01-27,LAL @ CHA,W,38,5,14,0.357,2,8,0.25,5,7,0.714,1,4,5,6,3,0,1,1,17,0,1,39.0,2.0,1,35.9,0
22024,1630559,0022400660,2025-01-28,LAL @ PHI,L,34,6,10,0.6,1,3,0.333,0,0,0.0,0,6,6,8,1,0,3,1,13,-4,1,38.0,1.0,1,35.8,0
22024,1630559,0022400674,2025-01-30,LAL @ WAS,W,30,6,14,0.429,4,7,0.571,1,2,0.5,0,6,6,5,0,0,2,1,17,24,1,34.0,2.0,1,35.1,0
22024,1630559,0022400692,2025-02-01,LAL @ NYK,W,29,7,12,0.583,4,7,0.571,9,9,1.0,0,5,5,6,3,0,3,3,27,18,1,30.0,2.0,1,34.9,0
22024,1630559,0022400715,2025-02-04,LAL @ LAC,W,30,7,13,0.538,3,7,0.429,3,3,1.0,2,4,6,9,0,1,3,0,20,9,1,29.0,3.0,1,34.5,0
22024,1630559,0022400731,2025-02-06,LAL vs. GSW,W,36,4,17,0.235,0,9,0.0,15,16,0.938,1,2,3,4,3,1,4,3,23,2,1,30.0,2.0,0,34.0,0
22024,1630559,0022400742,2025-02-08,LAL vs. IND,W,41,14,26,0.538,4,9,0.444,13,13,1.0,0,7,7,7,3,0,4,3,45,14,1,36.0,2.0,0,33.9,1
22024,1630559,0022400768,2025-02-10,LAL vs. UTA,W,32,6,10,0.6,3,5,0.6,7,7,1.0,3,6,9,4,1,1,0,1,22,27,1,41.0,2.0,0,34.6,0
22024,1630559,0022400781,2025-02-12,LAL @ UTA,L,36,4,15,0.267,1,10,0.1,6,8,0.75,1,4,5,11,1,0,1,3,15,-13,1,32.0,2.0,1,34.2,0
22024,1630559,0022400524,2025-02-19,LAL vs. CHA,L,27,3,9,0.333,2,7,0.286,0,0,0.0,0,2,2,2,1,2,3,3,8,-5,1,36.0,7.0,0,34.5,0
22024,1630559,0022400796,2025-02-20,LAL @ POR,W,40,9,21,0.429,2,8,0.25,12,13,0.923,1,0,1,7,2,2,6,2,32,5,1,27.0,1.0,1,33.3,1
22024,1630559,0022400808,2025-02-22,LAL @ DEN,W,33,7,13,0.538,4,7,0.571,5,6,0.833,1,3,4,7,0,1,2,3,23,13,1,40.0,2.0,1,33.5,0
22024,1630559,0022400835,2025-02-25,LAL vs. DAL,W,38,5,12,0.417,3,8,0.375,7,8,0.875,0,3,3,5,0,0,1,2,20,16,1,33.0,3.0,0,33.4,1
22024,1630559,0022400849,2025-02-27,LAL vs. MIN,W,38,5,10,0.5,2,5,0.4,11,12,0.917,3,3,6,5,2,0,4,3,23,9,1,38.0,2.0,0,34.2,1
22024,1630559,0022400859,2025-02-28,LAL vs. LAC,W,9,2,4,0.5,2,4,0.5,0,0,0.0,0,0,0,0,0,1,0,0,6,-8,1,38.0,1.0,0,35.1,0
22024,1630559,0022400903,2025-03-06,LAL vs. NYK,W,32,2,13,0.154,1,7,0.143,3,4,0.75,2,4,6,0,0,0,2,3,8,-7,1,9.0,6.0,0,33.0,0
22024,1630559,0022400918,2025-03-08,LAL @ BOS,L,39,5,12,0.417,4,7,0.571,2,2,1.0,1,2,3,2,1,0,1,0,16,-12,1,32.0,2.0,1,32.6,1
22024,1630559,0022400930,2025-03-10,LAL @ BKN,L,36,3,14,0.214,1,5,0.2,10,11,0.909,2,6,8,10,0,1,3,3,17,-10,1,39.0,2.0,1,32.4,1
22024,1630559,0022400955,2025-03-13,LAL @ MIL,L,36,10,17,0.588,4,7,0.571,4,4,1.0,0,8,8,3,0,0,3,3,28,-6,1,36.0,3.0,1,32.8,0
22024,1630559,0022400965,2025-03-14,LAL @ DEN,L,39,13,26,0.5,4,10,0.4,7,7,1.0,0,8,8,13,4,0,4,3,37,0,1,36.0,1.0,1,32.8,1
22024,1630559,0022400977,2025-03-16,LAL vs. PHX,W,39,10,21,0.476,4,10,0.4,4,5,0.8,0,4,4,6,2,1,2,1,28,14,1,39.0,2.0,0,34.0,1
22024,1630559,0022400537,2025-03-17,LAL vs. SAS,W,36,12,21,0.571,5,13,0.385,1,1,1.0,0,7,7,6,2,0,2,0,30,18,1,39.0,1.0,0,33.9,0
22024,1630559,0022401006,2025-03-19,LAL vs. DEN,W,36,8,16,0.5,2,7,0.286,4,4,1.0,0,5,5,8,2,1,1,2,22,13,1,36.0,2.0,0,34.2,0
22024,1630559,0022401028,2025-03-22,LAL vs. CHI,L,34,9,13,0.692,3,7,0.429,4,4,1.0,1,1,2,5,0,0,2,0,25,-21,1,36.0,3.0,0,34.0,0
22024,1630559,0022401038,2025-03-24,LAL @ ORL,L,36,7,16,0.438,1,6,0.167,3,4,0.75,0,6,6,4,0,0,3,4,18,-7,1,34.0,2.0,1,33.6,0
22024,1630559,0022401055,2025-03-26,LAL @ IND,W,36,8,16,0.5,1,8,0.125,7,7,1.0,1,3,4,5,1,0,4,3,24,6,1,36.0,2.0,1,36.3,0
22024,1630559,0022401063,2025-03-27,LAL @ CHI,L,37,10,17,0.588,3,9,0.333,7,7,1.0,0,1,1,3,0,2,2,4,30,-10,1,36.0,1.0,1,36.7,0
22024,1630559,0022401078,2025-03-29,LAL @ MEM,W,37,8,16,0.5,5,8,0.625,10,10,1.0,3,4,7,8,1,1,3,2,31,-5,1,37.0,2.0,1,36.5,0
22024,1630559,0022401096,2025-03-31,LAL vs. HOU,W,39,5,11,0.455,0,3,0.0,2,2,1.0,1,7,8,3,2,0,1,1,12,8,1,37.0,2.0,0,36.6,0
22024,1630559,0022401117,2025-04-03,LAL vs. GSW,L,40,10,20,0.5,9,16,0.563,2,3,0.667,1,5,6,3,1,0,0,5,31,2,1,39.0,3.0,0,36.9,0
22024,1630559,0022401126,2025-04-04,LAL vs. NOP,W,36,8,13,0.615,6,9,0.667,8,9,0.889,1,2,3,7,1,0,1,1,30,17,1,40.0,1.0,0,37.0,0
22024,1630559,0022401135,2025-04-06,LAL @ OKC,W,34,7,15,0.467,4,8,0.5,2,2,1.0,0,2,2,3,1,1,3,1,20,14,1,36.0,2.0,1,36.7,0
22024,1630559,0022401153,2025-04-08,LAL @ OKC,L,38,6,12,0.5,4,7,0.571,8,12,0.667,1,4,5,5,0,0,4,4,24,-19,1,34.0,2.0,1,36.5,0
22024,1630559,0022401159,2025-04-09,LAL @ DAL,W,38,4,10,0.4,1,5,0.2,2,2,1.0,2,2,4,4,1,0,2,3,11,19,1,38.0,1.0,1,36.7,0
22024,1630559,0022401185,2025-04-11,LAL vs. HOU,W,33,9,15,0.6,3,6,0.5,2,2,1.0,0,7,7,6,2,0,5,2,23,17,1,38.0,2.0,0,37.1,0
22025,1630559,0022500231,2025-11-15,LAL @ MIL,W,36,9,17,0.529,5,9,0.556,2,3,0.667,3,3,6,8,1,0,3,4,25,14,1,39.0,1.0,1,36.3,0
22025,1630559,0022500253,2025-11-18,LAL vs. UTA,W,33,7,11,0.636,1,4,0.25,11,12,0.917,1,4,5,1,1,0,4,3,26,10,1,36.0,3.0,0,36.3,0
22025,1630559,0022500282,2025-11-23,LAL @ UTA,W,40,7,17,0.412,1,8,0.125,7,8,0.875,1,9,10,4,1,0,3,2,22,-1,1,33.0,5.0,1,35.9,1
22025,1630559,0022500059,2025-11-25,LAL vs. LAC,W,35,11,16,0.688,2,4,0.5,7,7,1.0,3,6,9,3,3,0,1,3,31,19,1,40.0,2.0,0,36.0,0
22025,1630559,0022500078,2025-11-28,LAL vs. DAL,W,41,12,15,0.8,6,8,0.75,8,9,0.889,1,7,8,3,0,0,1,2,38,3,1,35.0,3.0,0,35.6,1
22025,1630559,0022500308,2025-11-30,LAL vs. NOP,W,40,9,15,0.6,4,7,0.571,11,12,0.917,0,5,5,8,1,1,5,1,33,-2,1,41.0,2.0,0,35.7,1
22025,1630559,0022500317,2025-12-01,LAL vs. PHX,L,33,6,12,0.5,3,7,0.429,1,1,1.0,0,4,4,3,0,0,5,2,16,-11,1,40.0,1.0,0,36.1,0
22025,1630559,0022500336,2025-12-04,LAL @ TOR,W,41,13,21,0.619,5,11,0.455,13,15,0.867,0,5,5,10,0,0,5,3,44,6,1,33.0,3.0,1,35.6,1
22025,1630559,0022500338,2025-12-05,LAL @ BOS,L,33,9,18,0.5,3,8,0.375,15,17,0.882,1,2,3,8,0,0,4,0,36,-9,1,41.0,1.0,1,36.8,0
22025,1630559,0022500362,2025-12-07,LAL @ PHI,W,39,3,16,0.188,2,6,0.333,3,5,0.6,1,3,4,4,1,1,2,0,11,1,1,33.0,2.0,1,37.1,0
22025,1630559,0022501204,2025-12-10,LAL vs. SAS,L,40,6,16,0.375,2,6,0.333,1,1,1.0,1,7,8,7,0,1,3,5,15,-5,1,39.0,3.0,0,37.1,0
22025,1630559,0022500418,2025-12-23,LAL @ PHX,L,22,6,11,0.545,1,5,0.2,4,5,0.8,0,2,2,2,0,0,3,4,17,-17,1,40.0,13.0,1,37.5,0
22025,1630559,0022500012,2025-12-25,LAL vs. HOU,L,15,5,8,0.625,2,5,0.4,0,0,0.0,0,1,1,1,0,1,2,0,12,-7,1,22.0,2.0,0,36.4,0
22025,1630559,0022500719,2026-02-03,LAL @ BKN,W,21,3,9,0.333,1,5,0.2,8,10,0.8,0,4,4,1,2,0,2,3,15,10,1,15.0,40.0,1,33.9,0
22025,1630559,0022500740,2026-02-05,LAL vs. PHI,W,25,12,17,0.706,5,8,0.625,6,7,0.857,1,5,6,2,0,0,5,0,35,5,1,21.0,2.0,0,32.5,0
22025,1630559,0022500753,2026-02-07,LAL vs. GSW,W,24,5,10,0.5,0,2,0.0,6,7,0.857,1,4,5,8,2,1,5,2,16,-1,1,25.0,2.0,0,30.9,0
22025,1630559,0022500769,2026-02-09,LAL vs. OKC,L,29,6,14,0.429,1,5,0.2,3,3,1.0,0,2,2,7,1,0,5,3,16,-14,1,24.0,2.0,0,29.3,0
22025,1630559,0022500791,2026-02-12,LAL vs. DAL,W,28,5,10,0.5,1,3,0.333,7,9,0.778,1,3,4,6,0,0,2,2,18,6,1,29.0,3.0,0,28.9,0
22025,1630559,0022500809,2026-02-20,LAL vs. LAC,W,33,9,15,0.6,4,5,0.8,7,7,1.0,1,5,6,2,2,0,3,1,29,0,1,28.0,8.0,0,27.6,1
22025,1630559,0022500823,2026-02-22,LAL vs. BOS,L,32,4,10,0.4,1,4,0.25,6,7,0.857,0,7,7,2,2,1,1,1,15,-14,1,33.0,2.0,0,27.6,1
22025,1630559,0022500840,2026-02-24,LAL vs. ORL,L,35,6,16,0.375,2,5,0.4,4,4,1.0,0,2,2,3,1,2,2,1,18,-4,1,32.0,2.0,0,26.9,1
22025,1630559,0022500855,2026-02-26,LAL @ PHX,L,36,5,12,0.417,2,5,0.4,2,2,1.0,2,1,3,2,2,0,4,4,14,9,1,35.0,2.0,1,26.4,1
22025,1630559,0022500866,2026-02-28,LAL @ GSW,W,28,7,11,0.636,2,4,0.5,2,2,1.0,0,1,1,3,0,0,1,1,18,22,1,36.0,2.0,1,27.8,0
22025,1630559,0022500878,2026-03-01,LAL vs. SAC,W,27,3,9,0.333,2,6,0.333,4,4,1.0,0,0,0,5,0,2,2,0,12,15,1,28.0,1.0,0,29.1,0
22025,1630559,0022500891,2026-03-03,LAL vs. NOP,W,37,4,15,0.267,2,7,0.286,5,5,1.0,0,8,8,3,2,2,5,3,15,-1,1,27.0,2.0,0,29.7,1
22025,1630559,0022500906,2026-03-05,LAL @ DEN,L,38,6,11,0.545,1,2,0.5,3,4,0.75,2,3,5,7,3,0,0,2,16,-4,1,37.0,2.0,1,30.9,1
22025,1630559,0022500914,2026-03-06,LAL vs. IND,W,29,6,14,0.429,1,4,0.25,6,7,0.857,0,2,2,5,0,0,3,6,19,-12,1,38.0,1.0,0,32.3,0
22025,1630559,0022500922,2026-03-08,LAL vs. NYK,W,39,8,16,0.5,3,6,0.5,6,7,0.857,0,4,4,5,3,1,1,2,25,5,1,29.0,2.0,0,32.3,1
22025,1630559,0022500946,2026-03-10,LAL vs. MIN,W,38,10,20,0.5,4,10,0.4,7,9,0.778,1,6,7,8,0,0,1,1,31,18,1,39.0,2.0,0,33.4,1
22025,1630559,0022500960,2026-03-12,LAL vs. CHI,W,39,13,20,0.65,4,7,0.571,0,0,0.0,1,4,5,7,1,0,3,2,30,18,1,38.0,2.0,0,33.9,1
22025,1630559,0022500974,2026-03-14,LAL vs. DEN,W,46,12,21,0.571,3,8,0.375,5,6,0.833,1,6,7,6,1,1,3,3,32,7,1,39.0,2.0,0,34.6,1
22025,1630559,0022500989,2026-03-16,LAL @ HOU,W,40,5,18,0.278,0,8,0.0,5,5,1.0,1,2,3,5,4,1,1,1,15,11,1,46.0,2.0,1,35.7,1
22025,1630559,0022501007,2026-03-18,LAL @ HOU,W,39,4,9,0.444,1,3,0.333,5,6,0.833,0,3,3,8,0,1,1,3,14,6,1,40.0,2.0,1,36.1,0
22025,1630559,0022501010,2026-03-19,LAL @ MIA,W,40,5,12,0.417,2,7,0.286,6,10,0.6,1,4,5,4,0,0,2,2,18,13,1,39.0,1.0,1,37.2,0
22025,1630559,0022501024,2026-03-21,LAL @ ORL,W,40,10,20,0.5,2,8,0.25,4,4,1.0,2,5,7,5,2,1,3,4,26,8,1,40.0,2.0,1,38.5,0
22025,1630559,0022501038,2026-03-23,LAL @ DET,L,40,7,15,0.467,2,6,0.333,8,9,0.889,0,2,2,5,0,1,3,2,24,-5,1,40.0,2.0,1,38.8,0
22025,1630559,0022501052,2026-03-25,LAL @ IND,W,38,7,16,0.438,2,7,0.286,9,9,1.0,0,1,1,8,2,0,2,3,25,14,1,40.0,2.0,1,39.0,0
22025,1630559,0022501075,2026-03-27,LAL vs. BKN,W,40,7,13,0.538,4,7,0.571,8,11,0.727,0,8,8,5,1,0,2,2,26,26,1,38.0,2.0,0,39.9,0
22025,1630559,0022501098,2026-03-30,LAL vs. WAS,W,27,4,11,0.364,0,4,0.0,11,12,0.917,1,2,3,9,1,0,5,0,19,6,1,40.0,3.0,0,40.0,0
22025,1630559,0022501103,2026-03-31,LAL vs. CLE,W,37,6,16,0.375,2,9,0.222,5,5,1.0,1,5,6,4,2,1,5,3,19,4,1,27.0,1.0,0,38.9,0
22025,1630559,0022501116,2026-04-02,LAL @ OKC,L,27,5,9,0.556,2,3,0.667,3,3,1.0,0,4,4,1,0,0,4,1,15,-23,1,37.0,2.0,1,38.7,0
22023,1629014,0022300413,2023-12-26,POR vs. SAC,W,35,12,25,0.48,5,12,0.417,0,0,0.0,0,4,4,3,1,0,2,2,29,4,1,34.0,3.0,0,34.1,0
22023,1629014,0022300472,2024-01-03,POR @ DAL,L,27,5,16,0.313,1,7,0.143,4,4,1.0,1,4,5,3,0,0,2,1,15,-31,1,35.0,8.0,1,34.9,0
22023,1629014,0022300487,2024-01-05,POR @ DAL,L,23,1,8,0.125,1,4,0.25,3,3,1.0,0,5,5,4,0,0,2,1,6,-14,1,27.0,2.0,1,33.9,0
22023,1629014,0022300498,2024-01-07,POR @ BKN,W,45,13,25,0.52,5,10,0.5,7,8,0.875,0,4,4,11,0,0,2,2,38,7,1,23.0,2.0,1,32.6,1
22023,1629014,0022300514,2024-01-09,POR @ NYK,L,27,4,14,0.286,2,7,0.286,2,2,1.0,0,4,4,3,0,0,3,2,12,-26,1,45.0,2.0,1,33.3,0
22023,1629014,0022300529,2024-01-11,POR @ OKC,L,20,4,13,0.308,4,8,0.5,2,4,0.5,1,2,3,2,0,0,3,2,14,-36,1,27.0,2.0,1,33.8,0
22023,1629014,0022300538,2024-01-12,POR @ MIN,L,29,0,10,0.0,0,2,0.0,5,5,1.0,0,2,2,3,0,1,3,0,5,-34,1,20.0,1.0,1,32.3,0
22023,1629014,0022300554,2024-01-14,POR vs. PHX,L,41,8,18,0.444,6,12,0.5,6,7,0.857,0,5,5,5,0,0,3,2,28,-11,1,29.0,2.0,0,31.6,1
22023,1629014,0022300578,2024-01-17,POR vs. BKN,W,39,8,20,0.4,1,7,0.143,3,4,0.75,0,4,4,4,0,0,0,2,20,11,1,41.0,3.0,0,31.9,1
22023,1629014,0022300605,2024-01-21,POR @ LAL,L,30,8,15,0.533,3,7,0.429,0,0,0.0,0,2,2,3,0,0,4,4,19,-24,1,39.0,4.0,1,32.0,0
22023,1629014,0022300617,2024-01-23,POR @ OKC,L,33,5,12,0.417,4,9,0.444,3,4,0.75,0,3,3,5,0,1,4,3,17,-15,1,30.0,2.0,1,31.6,0
22023,1629014,0022300623,2024-01-24,POR @ HOU,W,41,13,20,0.65,4,9,0.444,3,3,1.0,2,4,6,5,0,0,3,3,33,15,1,33.0,1.0,1,31.4,1
22023,1629014,0022300641,2024-01-26,POR @ SAS,L,41,14,27,0.519,7,15,0.467,5,5,1.0,0,2,2,10,1,0,5,3,40,-5,1,41.0,2.0,1,32.8,1
22023,1629014,0022300656,2024-01-28,POR vs. CHI,L,35,4,15,0.267,2,7,0.286,1,1,1.0,2,5,7,8,0,0,1,5,11,-8,1,41.0,2.0,0,34.6,0
22023,1629014,0022300668,2024-01-29,POR vs. PHI,W,28,6,12,0.5,1,7,0.143,2,2,1.0,1,0,1,6,0,1,1,3,15,26,1,35.0,1.0,0,33.6,0
22023,1629014,0022300683,2024-01-31,POR vs. MIL,W,38,10,19,0.526,4,9,0.444,0,0,0.0,0,3,3,5,0,0,3,0,24,-11,1,28.0,2.0,0,33.7,1
22023,1629014,0022300697,2024-02-02,POR @ DEN,L,37,11,23,0.478,4,10,0.4,3,4,0.75,1,3,4,4,2,0,2,2,29,-20,1,38.0,2.0,1,35.5,0
22023,1629014,0022300712,2024-02-04,POR @ DEN,L,39,8,18,0.444,4,8,0.5,6,6,1.0,0,6,6,9,1,0,4,0,26,-1,1,37.0,2.0,1,36.3,0
22023,1629014,0022300741,2024-02-08,POR vs. DET,L,25,9,19,0.474,4,12,0.333,7,7,1.0,0,2,2,5,0,0,2,2,29,22,1,39.0,4.0,0,36.1,0
22023,1629014,0022300775,2024-02-13,POR vs. MIN,L,32,6,19,0.316,4,10,0.4,4,4,1.0,0,3,3,5,1,0,3,4,20,-16,1,25.0,5.0,0,34.7,0
22023,1629014,0022300791,2024-02-15,POR vs. MIN,L,33,4,15,0.267,3,8,0.375,1,1,1.0,0,5,5,6,0,0,5,5,12,-18,1,32.0,2.0,0,34.9,0
22023,1629014,0022300812,2024-02-23,POR vs. DEN,L,36,8,15,0.533,3,6,0.5,2,2,1.0,0,3,3,8,1,0,1,4,21,-24,1,33.0,8.0,0,34.9,0
22023,1629014,0022300826,2024-02-25,POR vs. CHA,L,35,4,21,0.19,0,8,0.0,2,2,1.0,0,4,4,0,0,0,4,3,10,-21,1,36.0,2.0,0,34.4,0
22023,1629014,0022300842,2024-02-27,POR vs. MIA,L,41,10,26,0.385,4,11,0.364,2,2,1.0,0,1,1,4,0,0,4,3,26,-12,1,35.0,2.0,0,33.8,1
22023,1629014,0022300861,2024-03-01,POR @ MEM,W,26,3,9,0.333,1,4,0.25,0,0,0.0,2,3,5,8,0,0,2,0,7,12,1,41.0,3.0,1,34.4,0
22023,1629014,0022300868,2024-03-02,POR @ MEM,W,45,10,23,0.435,4,9,0.444,6,7,0.857,1,6,7,7,0,0,4,1,30,10,1,26.0,1.0,1,34.2,1
22023,1629014,0022300881,2024-03-04,POR @ MIN,L,43,13,26,0.5,5,13,0.385,3,3,1.0,0,5,5,14,0,0,4,4,34,1,1,45.0,2.0,1,34.9,1
22023,1629014,0022300900,2024-03-06,POR vs. OKC,L,40,10,19,0.526,5,10,0.5,4,4,1.0,0,3,3,5,1,0,4,2,29,-1,1,43.0,2.0,0,35.5,1
22023,1629014,0022300916,2024-03-08,POR vs. HOU,L,34,7,14,0.5,4,7,0.571,5,7,0.714,0,3,3,3,3,0,6,2,23,-14,1,40.0,2.0,0,35.6,0
22023,1629014,0022300923,2024-03-09,POR vs. TOR,W,42,8,18,0.444,4,9,0.444,3,3,1.0,2,2,4,7,1,0,5,1,23,1,1,34.0,1.0,0,36.5,1
22023,1629014,0022300938,2024-03-11,POR vs. BOS,L,34,6,18,0.333,3,9,0.333,2,2,1.0,0,4,4,3,0,0,1,3,17,-6,1,42.0,2.0,0,37.5,0
22023,1629014,0022300953,2024-03-13,POR vs. ATL,W,43,10,23,0.435,5,13,0.385,11,11,1.0,2,5,7,8,1,0,1,2,36,13,1,34.0,2.0,0,37.6,1
22023,1629014,0022300970,2024-03-16,POR @ NOP,L,36,9,18,0.5,5,10,0.5,2,2,1.0,0,4,4,8,0,0,5,1,25,-6,1,43.0,3.0,1,38.3,0
22023,1629014,0022300986,2024-03-18,POR @ CHI,L,39,10,24,0.417,4,14,0.286,6,7,0.857,0,3,3,9,0,0,1,2,30,3,1,36.0,2.0,1,38.4,0
22023,1629014,0022301003,2024-03-20,POR vs. LAC,L,28,6,11,0.545,2,5,0.4,0,0,0.0,0,4,4,1,0,1,3,2,14,-17,1,39.0,2.0,0,38.2,0
22023,1629014,0022301017,2024-03-22,POR vs. LAC,L,22,1,6,0.167,1,4,0.25,0,0,0.0,0,0,0,6,1,0,0,0,3,-13,1,28.0,2.0,0,38.4,0
22024,1629014,0022400210,2024-11-10,POR vs. MEM,L,19,2,9,0.222,0,4,0.0,0,0,0.0,0,1,1,1,0,0,4,2,4,-24,1,27.0,2.0,0,33.3,0
22024,1629014,0022400008,2024-11-12,POR vs. MIN,W,5,1,2,0.5,0,1,0.0,0,0,0.0,0,1,1,0,0,0,0,0,2,-1,1,19.0,2.0,0,31.9,0
22024,1629014,0022400031,2024-11-22,POR @ HOU,L,21,2,7,0.286,1,3,0.333,3,3,1.0,0,2,2,0,1,0,4,1,8,-4,1,5.0,10.0,1,28.8,0
22024,1629014,0022400267,2024-11-23,POR @ HOU,W,37,10,20,0.5,4,11,0.364,1,1,1.0,0,4,4,3,0,0,4,4,25,8,1,21.0,1.0,1,27.6,1
22024,1629014,0022400282,2024-11-25,POR @ MEM,L,30,2,14,0.143,1,7,0.143,0,0,0.0,2,2,4,4,2,0,1,5,5,-22,1,37.0,2.0,1,28.1,0
22024,1629014,0022400288,2024-11-27,POR @ IND,L,38,10,21,0.476,6,12,0.5,4,6,0.667,0,4,4,6,1,0,0,2,30,-15,1,30.0,2.0,1,27.5,1
22024,1629014,0022400049,2024-11-29,POR vs. SAC,W,41,8,14,0.571,3,8,0.375,2,2,1.0,0,5,5,9,2,0,4,1,21,9,1,38.0,2.0,0,28.5,1
22024,1629014,0022400312,2024-12-01,POR vs. DAL,L,23,9,11,0.818,6,8,0.75,3,3,1.0,0,3,3,5,1,0,3,6,27,4,1,41.0,2.0,0,28.5,0
22024,1629014,0022400060,2024-12-03,POR @ LAC,L,30,2,11,0.182,0,6,0.0,3,4,0.75,1,1,2,6,1,0,3,2,7,-20,1,23.0,2.0,1,27.4,0
22024,1629014,0022400339,2024-12-06,POR vs. UTA,L,28,6,15,0.4,2,7,0.286,0,0,0.0,1,4,5,5,0,0,0,3,14,-34,1,30.0,3.0,0,27.1,0
22024,1629014,0022400358,2024-12-08,POR @ LAL,L,31,5,13,0.385,1,6,0.167,3,3,1.0,0,1,1,4,0,1,3,0,14,-16,1,28.0,2.0,1,27.2,1
22024,1629014,0022401215,2024-12-13,POR vs. SAS,L,37,8,15,0.533,3,8,0.375,11,11,1.0,0,3,3,7,2,0,0,1,30,-3,1,31.0,5.0,0,28.4,1
22024,1629014,0022401219,2024-12-15,POR @ PHX,L,37,7,15,0.467,4,10,0.4,2,2,1.0,1,3,4,5,2,0,1,2,20,-8,1,37.0,2.0,1,31.6,1
22024,1629014,0022400371,2024-12-19,POR vs. DEN,W,35,11,20,0.55,4,11,0.364,2,3,0.667,0,1,1,10,0,0,3,2,28,3,1,37.0,4.0,0,33.2,0
22024,1629014,0022400386,2024-12-21,POR @ SAS,L,33,7,22,0.318,3,11,0.273,1,1,1.0,1,3,4,6,5,0,4,2,18,-15,1,35.0,2.0,1,33.0,0
22024,1629014,0022400401,2024-12-23,POR @ DAL,L,29,5,12,0.417,0,3,0.0,0,0,0.0,0,0,0,5,0,0,2,2,10,-22,1,33.0,2.0,1,33.3,0
22024,1629014,0022400417,2024-12-26,POR vs. UTA,W,30,3,12,0.25,2,8,0.25,0,0,0.0,1,2,3,3,2,0,3,3,8,-15,1,29.0,3.0,0,32.4,0
22024,1629014,0022400434,2024-12-28,POR vs. DAL,W,40,8,18,0.444,4,8,0.5,2,2,1.0,0,4,4,8,0,0,2,1,22,7,1,30.0,2.0,0,31.3,1
22024,1629014,0022400447,2024-12-30,POR vs. PHI,L,30,9,18,0.5,4,10,0.4,3,4,0.75,0,4,4,4,0,0,1,4,25,-17,1,40.0,2.0,0,33.0,0
22024,1629014,0022400468,2025-01-02,POR @ LAL,L,37,8,17,0.471,4,9,0.444,3,3,1.0,0,3,3,5,2,0,4,2,23,-5,1,30.0,3.0,1,33.0,1
22024,1629014,0022400483,2025-01-04,POR @ MIL,W,41,9,20,0.45,5,12,0.417,5,5,1.0,0,3,3,8,0,0,4,1,28,10,1,37.0,2.0,1,33.9,1
22024,1629014,0022400493,2025-01-06,POR @ DET,L,36,14,21,0.667,8,12,0.667,0,0,0.0,0,2,2,9,0,0,4,3,36,-2,1,41.0,2.0,1,34.9,0
22024,1629014,0022400514,2025-01-08,POR @ NOP,W,29,7,11,0.636,3,7,0.429,0,0,0.0,1,5,6,5,1,0,0,0,17,15,1,36.0,2.0,1,34.8,0
22024,1629014,0022400521,2025-01-09,POR @ DAL,L,37,9,22,0.409,4,10,0.4,0,0,0.0,0,1,1,4,1,0,1,1,22,0,1,29.0,1.0,1,34.0,0
22024,1629014,0022400536,2025-01-11,POR vs. MIA,L,33,10,23,0.435,7,14,0.5,1,1,1.0,1,3,4,3,0,0,2,2,28,-1,1,37.0,2.0,0,34.2,0
22024,1629014,0022400560,2025-01-14,POR vs. BKN,L,32,3,12,0.25,2,6,0.333,3,3,1.0,0,1,1,4,0,0,2,1,11,-19,1,33.0,3.0,0,34.2,0
22024,1629014,0022400575,2025-01-16,POR vs. LAC,L,30,0,9,0.0,0,5,0.0,0,0,0.0,0,1,1,5,1,0,2,2,0,-31,1,32.0,2.0,0,34.5,0
22024,1629014,0022400591,2025-01-18,POR vs. HOU,L,32,5,13,0.385,3,6,0.5,0,0,0.0,0,4,4,4,1,0,0,4,13,-13,1,30.0,2.0,0,34.5,0
22024,1629014,0022400607,2025-01-21,POR @ MIA,W,35,9,20,0.45,6,12,0.5,0,1,0.0,0,4,4,3,0,1,1,1,24,4,1,32.0,3.0,1,33.7,0
22024,1629014,0022400622,2025-01-23,POR @ ORL,W,32,8,15,0.533,3,6,0.5,2,2,1.0,1,2,3,3,0,0,3,0,21,14,1,35.0,2.0,1,34.2,0
22024,1629014,0022400630,2025-01-24,POR @ CHA,W,37,8,16,0.5,4,10,0.4,7,9,0.778,1,4,5,2,2,0,1,1,27,25,1,32.0,1.0,1,33.7,0
22024,1629014,0022400647,2025-01-26,POR vs. OKC,L,35,3,10,0.3,2,6,0.333,6,6,1.0,0,2,2,3,0,0,0,1,14,6,1,37.0,2.0,0,33.3,0
22024,1629014,0022400662,2025-01-28,POR vs. MIL,W,38,9,17,0.529,4,8,0.5,3,3,1.0,0,3,3,7,0,0,1,0,25,13,1,35.0,2.0,0,33.2,1
22024,1629014,0022400678,2025-01-30,POR vs. ORL,W,21,3,9,0.333,2,4,0.5,0,0,0.0,0,2,2,3,0,1,0,0,8,-2,1,38.0,2.0,0,34.1,0
22024,1629014,0022400694,2025-02-01,POR vs. PHX,W,29,6,15,0.4,1,7,0.143,3,4,0.75,1,3,4,7,1,1,1,2,16,3,1,21.0,2.0,0,32.5,0
22024,1629014,0022400709,2025-02-03,POR vs. PHX,W,42,4,16,0.25,2,8,0.25,3,4,0.75,1,1,2,10,2,0,3,5,13,1,1,29.0,2.0,0,32.1,1
22024,1629014,0022400716,2025-02-04,POR vs. IND,W,32,8,16,0.5,4,9,0.444,2,2,1.0,1,2,3,7,0,0,2,1,22,7,1,42.0,1.0,0,33.1,0
22024,1629014,0022400732,2025-02-06,POR vs. SAC,W,34,9,16,0.563,8,12,0.667,4,4,1.0,0,2,2,6,1,0,2,1,30,4,1,32.0,2.0,0,33.3,0
22024,1629014,0022400747,2025-02-08,POR @ MIN,L,34,9,21,0.429,3,11,0.273,0,0,0.0,0,3,3,5,1,0,2,2,21,-9,1,34.0,2.0,1,33.5,0
22024,1629014,0022400763,2025-02-10,POR @ DEN,L,32,5,13,0.385,3,7,0.429,4,4,1.0,0,0,0,4,0,0,3,2,17,-25,1,34.0,2.0,1,33.4,0
22024,1629014,0022400780,2025-02-12,POR @ DEN,L,38,9,19,0.474,3,9,0.333,5,5,1.0,0,3,3,6,0,0,2,3,26,-4,1,32.0,2.0,1,33.4,1
22024,1629014,0022400796,2025-02-20,POR vs. LAL,L,29,3,13,0.231,0,6,0.0,2,5,0.4,0,4,4,7,1,0,1,1,8,-10,1,38.0,8.0,0,33.5,0
22024,1629014,0022400810,2025-02-22,POR vs. CHA,W,26,8,16,0.5,5,10,0.5,4,4,1.0,0,3,3,4,0,0,4,1,25,30,1,29.0,2.0,0,32.9,0
22024,1629014,0022400827,2025-02-24,POR @ UTA,W,37,10,23,0.435,3,13,0.231,5,5,1.0,0,2,2,6,2,0,2,1,28,0,1,26.0,2.0,1,31.7,1
22024,1629014,0022400839,2025-02-26,POR @ WAS,W,36,5,13,0.385,3,7,0.429,3,3,1.0,0,4,4,5,2,0,4,2,16,4,1,37.0,2.0,1,33.3,0
22024,1629014,0022400853,2025-02-28,POR @ BKN,W,31,6,11,0.545,2,6,0.333,0,0,0.0,1,2,3,6,1,0,2,0,14,15,1,36.0,2.0,1,34.0,0
22024,1629014,0022400867,2025-03-02,POR @ CLE,L,42,8,23,0.348,4,12,0.333,7,7,1.0,0,2,2,2,0,0,2,2,27,-14,1,31.0,2.0,1,32.9,1
22024,1629014,0022400876,2025-03-03,POR @ PHI,W,32,13,26,0.5,6,11,0.545,2,2,1.0,2,2,4,3,2,0,2,1,34,22,1,42.0,1.0,1,33.9,0
22024,1629014,0022400891,2025-03-05,POR @ BOS,L,38,12,21,0.571,3,10,0.3,3,3,1.0,0,1,1,6,1,0,0,1,30,-11,1,32.0,2.0,1,33.7,1
22024,1629014,0022400908,2025-03-07,POR @ OKC,L,36,5,16,0.313,1,6,0.167,3,3,1.0,1,4,5,5,1,0,2,2,14,-4,1,38.0,2.0,1,34.1,0
22024,1629014,0022400926,2025-03-09,POR vs. DET,L,36,14,26,0.538,4,13,0.308,2,2,1.0,0,2,2,1,1,0,1,2,34,-13,1,36.0,2.0,0,34.5,0
22024,1629014,0022400938,2025-03-10,POR @ GSW,L,39,12,21,0.571,6,10,0.6,2,2,1.0,0,2,2,2,2,0,3,0,32,-5,1,36.0,1.0,1,34.3,1
22024,1629014,0022400953,2025-03-12,POR vs. NYK,L,31,2,11,0.182,2,8,0.25,0,0,0.0,0,4,4,5,0,0,2,1,6,1,1,39.0,2.0,0,35.3,0
22024,1629014,0022400980,2025-03-16,POR vs. TOR,W,32,7,15,0.467,6,12,0.5,2,3,0.667,0,1,1,4,2,0,2,4,22,0,1,31.0,4.0,0,35.8,0
22024,1629014,0022400995,2025-03-17,POR vs. WAS,W,23,10,17,0.588,5,11,0.455,5,5,1.0,0,1,1,2,0,0,1,0,30,21,1,32.0,1.0,0,35.3,0
22024,1629014,0022401008,2025-03-19,POR vs. MEM,W,36,8,24,0.333,2,9,0.222,4,4,1.0,3,2,5,3,1,0,2,1,22,23,1,23.0,2.0,0,34.0,0
22024,1629014,0022401034,2025-03-23,POR vs. BOS,L,31,6,13,0.462,3,8,0.375,0,1,0.0,1,2,3,5,0,0,3,3,15,-10,1,36.0,4.0,0,34.5,0
22024,1629014,0022401051,2025-03-25,POR vs. CLE,L,30,2,12,0.167,1,10,0.1,2,2,1.0,0,1,1,8,1,0,1,1,7,-5,1,31.0,2.0,0,33.4,0
22024,1629014,0022401066,2025-03-27,POR @ SAC,L,37,8,17,0.471,3,9,0.333,1,1,1.0,0,1,1,5,0,0,0,1,20,-19,1,30.0,2.0,1,33.2,1
22024,1629014,0022401082,2025-03-30,POR @ NYK,L,35,5,20,0.25,1,8,0.125,4,5,0.8,1,2,3,4,2,0,2,1,15,-16,1,37.0,3.0,1,33.1,0
22025,1629014,0022500193,2025-11-09,BOS @ ORL,W,23,8,13,0.615,5,8,0.625,4,4,1.0,0,1,1,3,0,0,2,3,25,9,1,18.0,2.0,1,26.0,0
22025,1629014,0022500209,2025-11-11,BOS @ PHI,L,26,5,15,0.333,3,8,0.375,4,4,1.0,0,4,4,5,0,0,2,1,17,12,1,23.0,2.0,1,25.1,0
22025,1629014,0022500216,2025-11-12,BOS vs. MEM,W,22,2,10,0.2,2,6,0.333,0,0,0.0,1,3,4,7,0,0,1,0,6,-1,1,26.0,1.0,0,25.0,0
22025,1629014,0022500233,2025-11-16,BOS vs. LAC,W,12,0,3,0.0,0,2,0.0,0,0,0.0,0,0,0,2,0,0,2,1,0,-1,1,22.0,4.0,0,24.9,0
22025,1629014,0022500250,2025-11-18,BOS @ BKN,W,26,3,4,0.75,2,3,0.667,3,5,0.6,0,4,4,5,0,0,3,2,11,0,1,12.0,2.0,1,22.9,1
22025,1629014,0022500049,2025-11-21,BOS vs. BKN,L,33,10,16,0.625,2,6,0.333,1,1,1.0,0,3,3,4,2,0,4,4,23,-10,1,26.0,3.0,0,22.9,1
22025,1629014,0022500277,2025-11-23,BOS vs. ORL,W,22,8,11,0.727,4,7,0.571,3,3,1.0,0,5,5,2,0,0,0,3,23,7,1,33.0,2.0,0,23.3,0
22025,1629014,0022500060,2025-11-26,BOS vs. DET,W,12,1,7,0.143,1,3,0.333,2,2,1.0,1,0,1,4,0,1,1,0,5,13,1,22.0,3.0,0,23.8,0
22025,1629014,0022500293,2025-11-29,BOS @ MIN,L,18,2,4,0.5,1,1,1.0,0,0,0.0,0,1,1,1,0,0,1,1,5,3,1,12.0,3.0,1,22.4,0
22025,1629014,0022500302,2025-11-30,BOS @ CLE,W,27,8,14,0.571,2,7,0.286,0,1,0.0,1,0,1,2,1,0,0,1,18,-7,1,18.0,1.0,1,21.2,1
22025,1629014,0022500320,2025-12-02,BOS vs. NYK,W,24,5,9,0.556,1,4,0.25,1,1,1.0,0,1,1,3,0,0,0,2,12,9,1,27.0,2.0,0,22.1,0
22025,1629014,0022500334,2025-12-04,BOS @ WAS,W,25,4,13,0.308,4,8,0.5,4,4,1.0,0,2,2,3,2,0,0,2,16,34,1,24.0,2.0,1,22.2,1
22025,1629014,0022500338,2025-12-05,BOS vs. LAL,W,16,2,4,0.5,2,4,0.5,2,2,1.0,1,3,4,2,0,0,0,2,8,23,1,25.0,1.0,0,22.1,0
22025,1629014,0022500358,2025-12-07,BOS @ TOR,W,21,5,14,0.357,2,8,0.25,0,0,0.0,1,2,3,2,0,0,0,1,12,-9,1,16.0,2.0,1,21.5,0
22025,1629014,0022501206,2025-12-11,BOS @ MIL,L,26,2,9,0.222,1,6,0.167,2,2,1.0,0,0,0,2,1,0,0,1,7,-5,1,21.0,4.0,1,22.4,1
22025,1629014,0022501222,2025-12-15,BOS vs. DET,L,25,3,9,0.333,0,5,0.0,3,3,1.0,0,0,0,1,0,0,0,2,9,8,1,26.0,4.0,0,22.4,1
22025,1629014,0022500381,2025-12-19,BOS vs. MIA,W,29,6,10,0.6,2,5,0.4,0,0,0.0,0,4,4,1,0,0,1,4,14,13,1,25.0,4.0,0,21.6,1
22025,1629014,0022500388,2025-12-20,BOS @ TOR,W,26,6,15,0.4,1,6,0.167,2,2,1.0,1,2,3,1,2,0,0,2,15,32,1,29.0,1.0,1,22.3,1
22025,1629014,0022500403,2025-12-22,BOS vs. IND,W,17,4,11,0.364,2,7,0.286,1,1,1.0,0,0,0,1,0,0,1,2,11,4,1,26.0,2.0,0,23.7,0
22025,1629014,0022500426,2025-12-26,BOS @ IND,W,21,2,7,0.286,2,6,0.333,2,3,0.667,0,3,3,1,0,0,2,3,8,7,1,17.0,4.0,1,23.6,0
22025,1629014,0022500444,2025-12-28,BOS @ POR,L,19,4,11,0.364,2,6,0.333,3,3,1.0,2,1,3,1,2,0,0,0,13,-15,1,21.0,2.0,1,23.0,0
22025,1629014,0022500459,2025-12-30,BOS @ UTA,W,28,6,15,0.4,4,10,0.4,4,4,1.0,1,4,5,4,1,0,1,0,20,27,1,19.0,2.0,1,22.5,1
22025,1629014,0022500474,2026-01-01,BOS @ SAC,W,30,5,13,0.385,4,7,0.571,0,0,0.0,0,2,2,4,0,0,2,0,14,12,1,28.0,2.0,1,22.8,1
22025,1629014,0022500493,2026-01-03,BOS @ LAC,W,19,5,8,0.625,5,8,0.625,0,0,0.0,1,2,3,4,0,0,0,0,15,18,1,30.0,2.0,1,24.2,0
22025,1629014,0022500503,2026-01-05,BOS vs. CHI,W,27,9,16,0.563,8,14,0.571,1,2,0.5,2,1,3,3,0,0,3,0,27,10,1,19.0,2.0,0,24.0,1
22025,1629014,0022500520,2026-01-07,BOS vs. DEN,L,26,6,9,0.667,3,4,0.75,0,0,0.0,3,1,4,2,0,0,2,0,15,-9,1,27.0,2.0,0,24.1,0
22025,1629014,0022500532,2026-01-09,BOS vs. TOR,W,26,6,11,0.545,3,4,0.75,0,0,0.0,0,2,2,5,0,0,0,2,15,-10,1,26.0,2.0,0,24.2,0
22025,1629014,0022500545,2026-01-10,BOS vs. SAS,L,25,2,8,0.25,1,4,0.25,0,0,0.0,0,2,2,3,0,0,1,1,5,-1,1,26.0,1.0,0,23.9,0
22025,1629014,0022500559,2026-01-12,BOS @ IND,L,24,7,15,0.467,2,7,0.286,0,0,0.0,0,3,3,4,0,0,2,2,16,-4,1,25.0,2.0,1,23.8,0
22025,1629014,0022500580,2026-01-15,BOS @ MIA,W,34,13,28,0.464,7,16,0.438,6,6,1.0,0,4,4,4,1,0,2,0,39,18,1,24.0,3.0,1,24.5,1
22025,1629014,0022500594,2026-01-17,BOS @ ATL,W,24,5,10,0.5,4,8,0.5,0,0,0.0,1,1,2,1,0,1,2,1,14,11,1,34.0,2.0,1,25.8,0
22025,1629014,0022500017,2026-01-19,BOS @ DET,L,25,4,11,0.364,1,6,0.167,0,0,0.0,1,2,3,0,1,0,2,0,9,-13,1,24.0,2.0,1,26.3,0
22025,1629014,0022500621,2026-01-21,BOS vs. IND,W,22,3,8,0.375,1,4,0.25,2,2,1.0,2,2,4,2,1,0,0,2,9,2,1,25.0,2.0,0,26.0,0
22025,1629014,0022500637,2026-01-23,BOS @ BKN,W,37,4,16,0.25,1,7,0.143,1,2,0.5,0,3,3,2,2,0,3,3,10,6,1,22.0,2.0,1,25.2,1
22025,1629014,0022500647,2026-01-24,BOS @ CHI,L,28,8,16,0.5,5,11,0.455,0,0,0.0,0,4,4,5,2,0,2,3,21,0,1,37.0,1.0,1,27.0,0
22025,1629014,0022500660,2026-01-26,BOS vs. POR,W,26,5,12,0.417,2,7,0.286,0,0,0.0,0,1,1,1,2,1,1,1,12,-9,1,28.0,2.0,0,27.1,0
22025,1629014,0022500673,2026-01-28,BOS vs. ATL,L,19,5,7,0.714,2,4,0.5,0,0,0.0,1,0,1,1,1,0,2,1,12,-4,1,26.0,2.0,0,27.1,0
22025,1629014,0022500689,2026-01-30,BOS vs. SAC,W,26,6,16,0.375,2,10,0.2,2,2,1.0,0,2,2,1,0,0,0,2,16,-8,1,19.0,2.0,0,26.4,0
22025,1629014,0022500702,2026-02-01,BOS vs. MIL,W,25,10,18,0.556,6,10,0.6,1,1,1.0,2,1,3,1,0,0,0,2,27,10,1,26.0,2.0,0,26.5,0
22025,1629014,0022500736,2026-02-05,CHI @ TOR,L,32,8,15,0.533,6,13,0.462,0,0,0.0,0,2,2,3,0,1,3,1,22,-10,1,25.0,4.0,1,26.6,1
22025,1629014,0022500752,2026-02-07,CHI vs. DEN,L,32,5,15,0.333,3,10,0.3,2,2,1.0,2,2,4,6,0,0,0,3,15,-6,1,32.0,2.0,0,26.4,1
22025,1629014,0022500762,2026-02-09,CHI @ BKN,L,34,10,17,0.588,2,9,0.222,1,1,1.0,2,1,3,7,0,1,5,3,23,-19,1,32.0,2.0,1,27.2,1
22025,1629014,0022500778,2026-02-11,CHI @ BOS,L,28,3,9,0.333,1,6,0.167,0,0,0.0,1,4,5,1,0,0,2,1,7,-13,1,34.0,2.0,1,28.1,0
22025,1629014,0022500797,2026-02-19,CHI vs. TOR,L,31,7,18,0.389,4,11,0.364,2,2,1.0,0,1,1,1,0,0,2,3,20,-21,1,28.0,8.0,0,28.7,0
22025,1629014,0022500814,2026-02-21,CHI vs. DET,L,13,2,6,0.333,0,1,0.0,0,0,0.0,0,2,2,0,0,0,1,1,4,3,1,31.0,2.0,0,28.1,0
22023,1630167,0022300019,2023-11-14,IND @ PHI,W,37,12,15,0.8,1,3,0.333,2,4,0.5,1,5,6,1,0,1,0,1,27,13,1,21.0,2.0,1,21.3,1
22023,1630167,0022300209,2023-11-19,IND vs. ORL,L,16,3,8,0.375,0,3,0.0,0,0,0.0,2,2,4,2,0,0,2,2,6,-14,1,37.0,5.0,0,23.1,0
22023,1630167,0022300039,2023-11-21,IND @ ATL,W,34,9,16,0.563,1,6,0.167,2,2,1.0,0,1,1,6,1,1,2,3,21,-3,1,16.0,2.0,1,22.9,1
22023,1630167,0022300230,2023-11-22,IND vs. TOR,L,36,6,9,0.667,2,5,0.4,2,2,1.0,0,3,3,1,2,0,3,1,16,5,1,34.0,1.0,0,23.9,1
22023,1630167,0022300047,2023-11-24,IND vs. DET,W,24,6,8,0.75,3,5,0.6,0,0,0.0,1,2,3,2,0,0,0,1,15,5,1,36.0,2.0,0,25.0,0
22023,1630167,0022300254,2023-11-27,IND vs. POR,L,19,3,9,0.333,1,4,0.25,2,2,1.0,2,2,4,2,0,1,1,0,9,0,1,24.0,3.0,0,25.3,0
22023,1630167,0022300267,2023-11-30,IND @ MIA,L,33,10,15,0.667,3,7,0.429,2,5,0.4,1,1,2,3,0,1,2,5,25,6,1,19.0,3.0,1,24.6,1
22023,1630167,0022300284,2023-12-02,IND @ MIA,W,35,7,8,0.875,4,5,0.8,2,2,1.0,0,2,2,2,1,4,0,5,20,18,1,33.0,2.0,1,25.2,1
22023,1630167,0022301202,2023-12-04,IND vs. BOS,W,26,4,8,0.5,2,4,0.5,2,2,1.0,0,2,2,1,0,2,0,1,12,-2,1,35.0,2.0,0,26.8,0
22023,1630167,0022301229,2023-12-07,IND @ MIL,W,21,6,8,0.75,1,3,0.333,1,2,0.5,3,3,6,2,0,0,0,3,14,-7,1,26.0,3.0,1,28.1,0
22023,1630167,0022300293,2023-12-11,IND @ DET,W,12,3,5,0.6,0,2,0.0,0,0,0.0,0,3,3,0,0,0,2,1,6,0,1,21.0,4.0,1,28.1,0
22023,1630167,0022300315,2023-12-13,IND @ MIL,L,20,2,7,0.286,1,3,0.333,0,0,0.0,3,4,7,1,0,1,0,6,5,-6,1,12.0,2.0,1,25.6,0
22023,1630167,0022300328,2023-12-15,IND @ WAS,L,26,6,8,0.75,2,3,0.667,2,3,0.667,1,4,5,2,0,0,1,2,16,-11,1,20.0,2.0,1,26.0,0
22023,1630167,0022300338,2023-12-16,IND @ MIN,L,17,3,4,0.75,1,2,0.5,0,0,0.0,2,2,4,1,0,0,1,2,7,-17,1,26.0,1.0,1,25.2,0
22023,1630167,0022300350,2023-12-18,IND vs. LAC,L,30,6,8,0.75,2,3,0.667,0,0,0.0,1,2,3,4,0,2,0,3,14,-26,1,17.0,2.0,0,23.3,1
22023,1630167,0022300365,2023-12-20,IND vs. CHA,W,23,2,5,0.4,0,3,0.0,2,2,1.0,0,4,4,0,0,0,1,1,6,25,1,30.0,2.0,0,23.9,0
22023,1630167,0022300377,2023-12-21,IND @ MEM,L,28,8,14,0.571,5,9,0.556,1,2,0.5,2,3,5,1,2,0,1,3,22,9,1,23.0,1.0,1,24.3,1
22023,1630167,0022300391,2023-12-23,IND vs. ORL,L,24,1,6,0.167,0,3,0.0,1,2,0.5,0,6,6,0,0,1,0,2,3,2,1,28.0,2.0,0,23.8,0
22023,1630167,0022300409,2023-12-26,IND @ HOU,W,15,2,3,0.667,1,2,0.5,2,3,0.667,1,1,2,3,1,0,3,2,7,-14,1,24.0,3.0,1,22.7,0
22023,1630167,0022300422,2023-12-28,IND @ CHI,W,25,1,4,0.25,1,3,0.333,0,0,0.0,1,11,12,0,0,1,1,0,3,-11,1,15.0,2.0,1,21.6,1
22023,1630167,0022300441,2023-12-30,IND vs. NYK,W,20,4,6,0.667,1,1,1.0,0,1,0.0,2,6,8,2,0,3,0,4,9,2,1,25.0,2.0,0,22.0,0
22023,1630167,0022300454,2024-01-01,IND @ MIL,W,29,4,9,0.444,1,3,0.333,2,2,1.0,2,1,3,2,1,0,0,4,11,35,1,20.0,2.0,1,22.8,1
22023,1630167,0022300466,2024-01-03,IND vs. MIL,W,27,5,12,0.417,2,6,0.333,3,4,0.75,3,5,8,4,1,0,0,3,15,-6,1,29.0,2.0,0,23.7,1
22023,1630167,0022300480,2024-01-05,IND vs. ATL,W,22,3,6,0.5,3,5,0.6,0,0,0.0,0,3,3,2,1,0,1,2,9,23,1,27.0,2.0,0,23.8,0
22023,1630167,0022300493,2024-01-06,IND vs. BOS,L,23,4,8,0.5,2,4,0.5,0,0,0.0,1,2,3,1,0,0,0,1,10,-8,1,22.0,1.0,0,24.3,0
22023,1630167,0022300507,2024-01-08,IND vs. BOS,W,20,4,5,0.8,3,4,0.75,2,2,1.0,0,0,0,1,0,0,0,2,13,3,1,23.0,2.0,0,23.6,0
22023,1630167,0022300520,2024-01-10,IND vs. WAS,W,28,6,10,0.6,3,6,0.5,0,0,0.0,1,6,7,3,0,0,2,2,15,3,1,20.0,2.0,0,23.3,1
22023,1630167,0022300533,2024-01-12,IND @ ATL,W,21,7,7,1.0,0,0,0.0,4,4,1.0,2,5,7,4,0,0,1,4,18,10,1,28.0,2.0,1,23.3,0
22023,1630167,0022300550,2024-01-14,IND @ DEN,L,25,4,5,0.8,3,3,1.0,0,0,0.0,0,3,3,1,1,0,0,2,11,8,1,21.0,2.0,1,23.0,0
22023,1630167,0022300564,2024-01-15,IND @ UTA,L,13,1,3,0.333,0,0,0.0,0,0,0.0,1,2,3,2,1,0,0,1,2,5,1,25.0,1.0,1,24.0,0
22023,1630167,0022300583,2024-01-18,IND @ SAC,W,24,4,6,0.667,2,4,0.5,0,0,0.0,0,3,3,4,0,1,0,1,10,21,1,13.0,3.0,1,22.8,0
22023,1630167,0022300590,2024-01-19,IND @ POR,L,11,0,3,0.0,0,3,0.0,0,0,0.0,0,0,0,2,0,0,2,2,0,-16,1,24.0,1.0,1,23.2,0
22023,1630167,0022300604,2024-01-21,IND @ PHX,L,26,6,12,0.5,0,2,0.0,1,2,0.5,2,4,6,1,0,0,0,1,13,4,1,11.0,2.0,1,21.4,1
22023,1630167,0022300614,2024-01-23,IND vs. DEN,L,17,2,4,0.5,0,0,0.0,0,0,0.0,0,2,2,0,0,0,0,0,4,4,1,26.0,2.0,0,21.3,0
22023,1630167,0022300627,2024-01-25,IND vs. PHI,W,19,6,11,0.545,1,4,0.25,0,0,0.0,2,3,5,0,0,1,3,2,13,-19,1,17.0,2.0,0,20.8,0
22023,1630167,0022300636,2024-01-26,IND vs. PHX,W,33,10,15,0.667,0,2,0.0,3,5,0.6,6,5,11,3,1,1,1,2,23,7,1,19.0,1.0,0,20.4,1
22023,1630167,0022300652,2024-01-28,IND vs. MEM,W,17,1,5,0.2,0,2,0.0,1,1,1.0,0,0,0,2,1,0,2,2,3,6,1,33.0,2.0,0,21.7,0
22023,1630167,0022300670,2024-01-30,IND @ BOS,L,22,5,11,0.455,1,4,0.25,0,0,0.0,3,5,8,2,0,0,2,1,11,-10,1,17.0,2.0,1,20.6,0
22023,1630167,0022300685,2024-02-01,IND @ NYK,L,22,4,10,0.4,2,2,1.0,2,2,1.0,2,1,3,2,1,2,1,0,12,3,1,22.0,2.0,1,20.7,0
22023,1630167,0022300691,2024-02-02,IND vs. SAC,L,18,2,6,0.333,1,4,0.25,1,2,0.5,0,4,4,1,1,1,1,2,6,-1,1,22.0,1.0,0,20.4,0
22023,1630167,0022300707,2024-02-04,IND @ CHA,W,11,0,1,0.0,0,1,0.0,0,0,0.0,0,1,1,2,0,0,3,1,0,-14,1,18.0,2.0,1,20.9,0
22023,1630167,0022300719,2024-02-06,IND vs. HOU,W,16,1,1,1.0,1,1,1.0,0,0,0.0,0,4,4,4,1,0,0,0,3,2,1,11.0,2.0,0,19.6,0
22023,1630167,0022300733,2024-02-08,IND vs. GSW,L,20,3,5,0.6,1,3,0.333,0,0,0.0,0,1,1,2,0,0,1,1,7,-8,1,16.0,2.0,0,20.1,0
22023,1630167,0022300755,2024-02-10,IND @ NYK,W,17,3,5,0.6,2,2,1.0,1,2,0.5,0,2,2,0,1,0,2,0,9,7,1,20.0,2.0,1,19.5,0
22023,1630167,0022300761,2024-02-12,IND @ CHA,L,17,2,5,0.4,2,4,0.5,0,0,0.0,1,3,4,1,0,0,1,0,6,-8,1,17.0,2.0,1,19.5,0
22023,1630167,0022300782,2024-02-14,IND @ TOR,W,25,6,9,0.667,2,5,0.4,1,2,0.5,2,3,5,0,2,2,0,1,15,2,1,17.0,2.0,1,19.3,1
22023,1630167,0022300793,2024-02-22,IND vs. DET,W,16,3,6,0.5,2,3,0.667,1,2,0.5,3,3,6,3,1,1,1,1,9,21,1,25.0,8.0,0,18.5,0
22023,1630167,0022300819,2024-02-25,IND vs. DAL,W,19,3,5,0.6,2,4,0.5,0,0,0.0,0,2,2,4,0,0,2,1,8,16,1,16.0,3.0,0,18.4,0
22023,1630167,0022300829,2024-02-26,IND vs. TOR,L,19,2,8,0.25,0,5,0.0,0,0,0.0,0,3,3,0,2,0,1,2,4,6,1,19.0,1.0,0,18.1,0
22023,1630167,0022300843,2024-02-28,IND vs. NOP,W,24,6,9,0.667,2,4,0.5,2,2,1.0,2,4,6,2,0,2,0,0,16,3,1,19.0,2.0,0,17.8,1
22023,1630167,0022300863,2024-03-01,IND @ NOP,L,16,2,5,0.4,1,3,0.333,0,0,0.0,1,1,2,0,1,0,1,3,5,7,1,24.0,2.0,1,18.4,0
22023,1630167,0022300877,2024-03-03,IND @ SAS,L,16,1,3,0.333,0,1,0.0,0,0,0.0,0,2,2,0,0,0,0,2,2,0,1,16.0,2.0,1,18.9,0
22023,1630167,0022300892,2024-03-05,IND @ DAL,W,17,5,6,0.833,2,3,0.667,2,2,1.0,0,2,2,0,0,0,1,1,14,5,1,16.0,2.0,1,18.9,0
22023,1630167,0022300903,2024-03-07,IND vs. MIN,L,14,1,3,0.333,0,1,0.0,0,0,0.0,0,3,3,0,0,2,1,2,2,-10,1,17.0,2.0,0,18.6,0
22023,1630167,0022300928,2024-03-10,IND @ ORL,W,25,7,9,0.778,1,2,0.5,2,2,1.0,1,7,8,0,1,1,1,1,17,8,1,14.0,3.0,1,18.3,1
22023,1630167,0022300941,2024-03-12,IND @ OKC,W,19,4,6,0.667,0,1,0.0,2,4,0.5,1,3,4,1,0,0,0,1,10,0,1,25.0,2.0,1,19.1,0
22023,1630167,0022300948,2024-03-13,IND vs. CHI,L,18,2,7,0.286,0,3,0.0,0,0,0.0,1,3,4,4,0,1,2,2,4,-3,1,19.0,1.0,0,18.5,0
22023,1630167,0022300968,2024-03-16,IND vs. BKN,W,18,3,5,0.6,0,2,0.0,0,0,0.0,2,1,3,2,1,0,0,2,6,6,1,18.0,3.0,0,18.7,0
22023,1630167,0022300983,2024-03-18,IND vs. CLE,L,20,4,6,0.667,1,2,0.5,1,1,1.0,1,7,8,2,1,0,0,1,10,8,1,18.0,2.0,0,18.6,0
22023,1630167,0022300997,2024-03-20,IND @ DET,W,15,1,3,0.333,1,3,0.333,2,2,1.0,1,2,3,1,1,0,0,1,5,14,1,20.0,2.0,1,18.7,0
22023,1630167,0022301016,2024-03-22,IND @ GSW,W,15,3,6,0.5,2,4,0.5,0,0,0.0,0,3,3,0,0,0,1,1,8,-4,1,15.0,2.0,1,17.8,0
22023,1630167,0022301032,2024-03-24,IND @ LAL,L,19,4,6,0.667,3,5,0.6,0,0,0.0,1,2,3,1,0,0,1,4,11,4,1,15.0,2.0,1,17.7,0
22023,1630167,0022301043,2024-03-25,IND @ LAC,W,25,3,4,0.75,1,1,1.0,0,0,0.0,2,2,4,1,1,0,0,0,7,3,1,19.0,1.0,1,18.0,1
22023,1630167,0022301054,2024-03-27,IND @ CHI,L,11,2,2,1.0,0,0,0.0,1,1,1.0,0,1,1,2,1,1,1,1,5,-15,1,25.0,2.0,1,18.8,0
22023,1630167,0022301063,2024-03-29,IND vs. LAL,W,17,3,3,1.0,1,1,1.0,0,0,0.0,0,2,2,0,0,1,1,1,7,-4,1,11.0,2.0,0,18.5,0
22023,1630167,0022301089,2024-04-01,IND vs. BKN,W,19,6,9,0.667,1,3,0.333,1,2,0.5,1,3,4,3,1,0,1,2,14,9,1,17.0,3.0,0,17.7,0
22023,1630167,0022301106,2024-04-03,IND @ BKN,L,20,5,9,0.556,3,6,0.5,1,1,1.0,3,5,8,1,1,3,2,2,14,17,1,19.0,2.0,1,17.7,1
22023,1630167,0022301116,2024-04-05,IND vs. OKC,W,25,6,10,0.6,1,3,0.333,2,2,1.0,2,6,8,1,2,1,1,1,15,18,1,20.0,2.0,0,17.9,1
22023,1630167,0022301133,2024-04-07,IND vs. MIA,W,16,5,7,0.714,3,4,0.75,0,0,0.0,0,3,3,2,0,0,0,3,13,4,1,25.0,2.0,0,18.6,0
22023,1630167,0022301146,2024-04-09,IND @ TOR,W,22,10,14,0.714,3,7,0.429,0,0,0.0,1,5,6,2,1,1,0,3,23,5,1,16.0,2.0,1,18.2,1
22023,1630167,0022301174,2024-04-12,IND @ CLE,L,16,4,8,0.5,0,2,0.0,2,2,1.0,1,1,2,6,2,1,1,1,10,3,1,22.0,3.0,1,18.9,0
22023,1630167,0022301188,2024-04-14,IND vs. ATL,W,12,2,6,0.333,1,4,0.25,2,2,1.0,1,1,2,3,1,0,2,1,7,11,1,16.0,2.0,0,19.0,0
22024,1630167,0022400009,2024-11-15,IND vs. MIA,L,21,8,10,0.8,3,5,0.6,2,2,1.0,0,3,3,0,0,0,1,0,21,14,1,19.0,2.0,0,20.6,0
22024,1630167,0022400235,2024-11-17,IND vs. MIA,W,18,4,8,0.5,0,2,0.0,0,0,0.0,1,2,3,2,1,0,1,1,8,-5,1,21.0,2.0,0,21.1,0
22024,1630167,0022400247,2024-11-18,IND @ TOR,L,31,8,13,0.615,3,8,0.375,0,0,0.0,0,2,2,5,2,1,1,1,19,-3,1,18.0,1.0,1,20.9,1
22024,1630167,0022400254,2024-11-20,IND @ HOU,L,13,2,6,0.333,0,4,0.0,0,0,0.0,0,3,3,0,0,0,0,2,4,-17,1,31.0,2.0,1,21.7,0
22024,1630167,0022400029,2024-11-22,IND @ MIL,L,17,3,9,0.333,0,3,0.0,0,0,0.0,2,2,4,3,2,1,0,1,6,-4,1,13.0,2.0,1,21.6,0
22024,1630167,0022400272,2024-11-24,IND vs. WAS,W,16,5,6,0.833,1,1,1.0,0,0,0.0,1,2,3,0,0,1,0,1,11,-7,1,17.0,2.0,0,20.0,0
22024,1630167,0022400279,2024-11-25,IND vs. NOP,W,16,3,8,0.375,1,4,0.25,0,0,0.0,0,2,2,2,0,0,0,0,7,-2,1,16.0,1.0,0,19.7,0
22024,1630167,0022400288,2024-11-27,IND vs. POR,W,16,2,3,0.667,2,2,1.0,0,0,0.0,0,5,5,2,0,0,0,0,6,-2,1,16.0,2.0,0,18.9,0
22024,1630167,0022400045,2024-11-29,IND vs. DET,L,25,1,5,0.2,0,2,0.0,3,3,1.0,0,3,3,2,0,0,1,2,5,-8,1,16.0,2.0,0,18.8,1
22024,1630167,0022400306,2024-12-01,IND @ MEM,L,22,7,10,0.7,1,4,0.25,1,2,0.5,0,8,8,1,1,0,2,2,16,-13,1,25.0,2.0,1,19.2,1
22024,1630167,0022400054,2024-12-03,IND @ TOR,L,14,6,10,0.6,2,4,0.5,1,1,1.0,2,7,9,1,0,1,1,4,15,17,1,22.0,2.0,1,19.5,0
22024,1630167,0022400320,2024-12-04,IND @ BKN,L,24,5,11,0.455,1,6,0.167,2,2,1.0,1,4,5,2,2,1,1,1,13,6,1,14.0,1.0,1,18.8,1
22024,1630167,0022400336,2024-12-06,IND @ CHI,W,21,6,8,0.75,3,4,0.75,2,2,1.0,0,7,7,5,0,1,1,2,17,0,1,24.0,2.0,1,19.4,0
22024,1630167,0022400349,2024-12-08,IND vs. CHA,L,23,4,11,0.364,3,9,0.333,0,0,0.0,0,3,3,2,1,0,0,3,11,4,1,21.0,2.0,0,18.4,1
22024,1630167,0022401209,2024-12-13,IND @ PHI,W,31,7,11,0.636,2,4,0.5,4,4,1.0,2,6,8,3,3,0,0,4,20,9,1,23.0,5.0,1,19.4,1
22024,1630167,0022401216,2024-12-15,IND vs. NOP,W,21,6,8,0.75,4,6,0.667,0,0,0.0,0,5,5,2,3,0,1,2,16,7,1,31.0,2.0,0,20.8,0
22024,1630167,0022400369,2024-12-19,IND @ PHX,W,17,4,7,0.571,2,5,0.4,3,4,0.75,1,7,8,1,1,1,0,3,13,0,1,21.0,4.0,1,21.3,0
22024,1630167,0022400389,2024-12-22,IND @ SAC,W,21,4,8,0.5,1,4,0.25,2,3,0.667,1,2,3,2,1,0,1,2,11,11,1,17.0,3.0,1,21.4,0
22024,1630167,0022400403,2024-12-23,IND @ GSW,W,18,4,6,0.667,0,1,0.0,0,0,0.0,0,4,4,1,2,0,0,1,8,4,1,21.0,1.0,1,21.9,0
22024,1630167,0022400410,2024-12-26,IND vs. OKC,L,7,2,2,1.0,1,1,1.0,0,0,0.0,0,3,3,0,0,0,0,1,5,2,1,18.0,3.0,0,21.2,0
22024,1630167,0022400450,2024-12-31,IND vs. MIL,L,12,1,3,0.333,0,1,0.0,2,4,0.5,0,2,2,2,0,1,1,0,4,-13,1,7.0,5.0,0,19.7,0
22024,1630167,0022400463,2025-01-02,IND @ MIA,W,20,5,9,0.556,2,4,0.5,0,0,0.0,1,5,6,0,0,0,1,1,12,2,1,12.0,2.0,1,19.5,0
22024,1630167,0022400480,2025-01-04,IND vs. PHX,W,16,3,6,0.5,0,2,0.0,6,6,1.0,3,0,3,2,2,0,1,1,12,4,1,20.0,2.0,0,19.1,0
22024,1630167,0022400495,2025-01-06,IND @ BKN,W,22,4,6,0.667,1,2,0.5,2,2,1.0,1,4,5,0,0,0,1,1,11,2,1,16.0,2.0,1,18.6,1
22024,1630167,0022400510,2025-01-08,IND vs. CHI,W,23,5,9,0.556,1,4,0.25,1,2,0.5,1,4,5,2,0,0,0,3,12,11,1,22.0,2.0,0,18.5,1
22024,1630167,0022400525,2025-01-10,IND vs. GSW,W,16,1,3,0.333,0,2,0.0,0,0,0.0,0,4,4,1,0,2,1,1,2,-4,1,23.0,2.0,0,17.7,0
22024,1630167,0022400543,2025-01-12,IND @ CLE,W,18,5,10,0.5,1,4,0.25,1,2,0.5,0,2,2,1,3,0,1,1,12,10,1,16.0,2.0,1,17.2,0
22024,1630167,0022400554,2025-01-14,IND vs. CLE,L,20,4,9,0.444,2,3,0.667,0,0,0.0,0,3,3,3,1,0,1,0,10,-1,1,18.0,2.0,0,17.3,1
22024,1630167,0022400572,2025-01-16,IND @ DET,W,17,2,5,0.4,1,3,0.333,2,4,0.5,1,4,5,0,0,1,1,1,7,-10,1,20.0,2.0,1,17.2,0
22024,1630167,0022400588,2025-01-18,IND vs. PHI,W,12,2,5,0.4,0,2,0.0,0,0,0.0,0,2,2,2,0,0,0,2,4,-3,1,17.0,2.0,0,17.1,0
22024,1630167,0022400621,2025-01-23,IND vs. SAS,L,19,4,7,0.571,3,5,0.6,2,2,1.0,0,3,3,2,0,0,0,0,13,-9,1,12.0,5.0,0,17.6,0
22024,1630167,0022400633,2025-01-25,IND @ SAS,W,13,3,8,0.375,1,4,0.25,0,0,0.0,1,4,5,2,0,0,0,1,7,9,1,19.0,2.0,1,18.3,0
22024,1630167,0022400664,2025-01-29,IND vs. DET,W,17,0,0,0.0,0,0,0.0,1,2,0.5,0,1,1,0,0,0,0,0,1,-18,1,13.0,4.0,0,17.6,0
22024,1630167,0022400686,2025-02-01,IND vs. ATL,W,15,8,11,0.727,1,3,0.333,1,2,0.5,2,7,9,0,0,1,2,2,18,6,1,17.0,3.0,0,17.7,0
22024,1630167,0022400707,2025-02-03,IND @ UTA,W,19,5,10,0.5,3,8,0.375,0,0,0.0,0,3,3,0,0,0,1,1,13,6,1,15.0,2.0,1,17.0,1
22024,1630167,0022400716,2025-02-04,IND @ POR,L,9,0,2,0.0,0,2,0.0,0,0,0.0,0,2,2,0,0,1,2,1,0,-10,1,19.0,1.0,1,16.6,0
22024,1630167,0022400733,2025-02-06,IND @ LAC,W,28,4,9,0.444,0,3,0.0,2,2,1.0,2,4,6,2,1,0,1,1,10,5,1,9.0,2.0,1,15.9,1
22024,1630167,0022400742,2025-02-08,IND @ LAL,L,22,4,8,0.5,3,5,0.6,3,4,0.75,1,4,5,3,0,0,2,2,14,-21,1,28.0,2.0,1,16.9,1
22024,1630167,0022400765,2025-02-11,IND vs. NYK,L,21,4,8,0.5,0,3,0.0,1,2,0.5,0,3,3,1,1,0,0,1,9,-1,1,22.0,3.0,0,17.1,1
22024,1630167,0022400771,2025-02-12,IND @ WAS,W,33,11,19,0.579,6,11,0.545,3,3,1.0,3,7,10,2,0,1,0,4,31,-7,1,21.0,1.0,1,17.5,1
22024,1630167,0022400788,2025-02-20,IND vs. MEM,W,20,4,6,0.667,2,4,0.5,2,3,0.667,0,5,5,1,0,0,3,1,12,10,1,33.0,8.0,0,19.6,0
22024,1630167,0022400813,2025-02-23,IND vs. LAC,W,24,5,9,0.556,0,4,0.0,0,0,0.0,2,3,5,6,1,0,2,2,10,2,1,20.0,3.0,0,19.7,1
22024,1630167,0022400822,2025-02-24,IND vs. DEN,L,17,4,8,0.5,1,5,0.2,2,2,1.0,0,3,3,2,1,0,2,1,11,-2,1,24.0,1.0,0,20.8,0
22024,1630167,0022400837,2025-02-26,IND vs. TOR,W,14,2,8,0.25,0,5,0.0,0,0,0.0,0,1,1,0,2,1,1,0,4,2,1,17.0,2.0,0,20.8,0
22024,1630167,0022400854,2025-02-28,IND @ MIA,L,16,3,4,0.75,1,2,0.5,0,0,0.0,0,1,1,0,0,0,1,1,7,3,1,14.0,2.0,1,20.7,0
22024,1630167,0022400868,2025-03-02,IND vs. CHI,W,16,3,5,0.6,0,1,0.0,0,0,0.0,0,5,5,1,0,0,1,2,6,0,1,16.0,2.0,0,20.4,0
22024,1630167,0022400882,2025-03-04,IND vs. HOU,W,16,4,6,0.667,3,4,0.75,2,2,1.0,1,4,5,1,0,0,2,2,13,18,1,16.0,2.0,0,21.1,0
22024,1630167,0022400899,2025-03-06,IND @ ATL,L,19,1,5,0.2,1,3,0.333,0,0,0.0,0,2,2,3,0,0,2,2,3,-12,1,16.0,2.0,1,19.9,0
22024,1630167,0022400914,2025-03-08,IND @ ATL,L,18,3,6,0.5,0,2,0.0,3,4,0.75,1,2,3,1,0,1,0,0,9,-13,1,19.0,2.0,1,19.6,0
22024,1630167,0022400933,2025-03-10,IND @ CHI,L,20,4,8,0.5,0,2,0.0,2,2,1.0,1,2,3,1,2,0,1,1,10,-11,1,18.0,2.0,1,19.3,0
22024,1630167,0022400942,2025-03-11,IND vs. MIL,W,6,1,2,0.5,0,1,0.0,1,1,1.0,0,0,0,0,0,0,0,1,3,2,1,20.0,1.0,0,18.0,0
22024,1630167,0022400959,2025-03-14,IND @ PHI,W,25,4,7,0.571,0,2,0.0,3,4,0.75,2,6,8,3,1,0,0,2,11,-14,1,6.0,3.0,1,16.6,1
22024,1630167,0022400972,2025-03-15,IND @ MIL,L,23,3,9,0.333,2,6,0.333,0,1,0.0,0,3,3,3,1,1,3,1,8,-2,1,25.0,1.0,1,16.7,1
22024,1630167,0022400986,2025-03-17,IND @ MIN,W,45,12,19,0.632,7,10,0.7,3,4,0.75,2,8,10,2,1,1,2,0,34,10,1,23.0,2.0,1,17.3,1
22024,1630167,0022400998,2025-03-19,IND vs. DAL,W,23,4,6,0.667,3,4,0.75,2,2,1.0,1,3,4,2,0,0,1,0,13,7,1,45.0,2.0,0,20.4,1
22024,1630167,0022401011,2025-03-20,IND vs. BKN,W,18,2,6,0.333,0,2,0.0,3,3,1.0,1,2,3,1,1,0,1,2,7,-5,1,23.0,1.0,0,21.1,0
22024,1630167,0022401024,2025-03-22,IND vs. BKN,W,18,4,9,0.444,1,4,0.25,1,1,1.0,1,4,5,0,0,0,1,0,10,-8,1,18.0,2.0,0,21.3,0
22024,1630167,0022401037,2025-03-24,IND vs. MIN,W,24,7,10,0.7,6,9,0.667,0,0,0.0,0,1,1,1,0,0,0,2,20,0,1,18.0,2.0,0,21.5,1
22024,1630167,0022401055,2025-03-26,IND vs. LAL,L,19,4,7,0.571,2,5,0.4,0,1,0.0,1,1,2,0,0,0,0,1,10,-6,1,24.0,2.0,0,22.0,0
22024,1630167,0022401061,2025-03-27,IND @ WAS,W,16,7,9,0.778,1,3,0.333,0,0,0.0,0,2,2,4,1,0,0,1,15,25,1,19.0,1.0,1,22.1,0
22024,1630167,0022401079,2025-03-29,IND @ OKC,L,22,5,9,0.556,2,6,0.333,0,0,0.0,1,2,3,5,0,2,2,2,12,-14,1,16.0,2.0,1,21.7,0
22024,1630167,0022401090,2025-03-31,IND vs. SAC,W,22,7,11,0.636,5,8,0.625,0,0,0.0,1,6,7,0,0,0,1,3,19,10,1,22.0,2.0,0,23.3,0
22024,1630167,0022401104,2025-04-02,IND vs. CHA,W,18,3,8,0.375,1,5,0.2,1,1,1.0,0,4,4,1,0,1,1,2,8,7,1,22.0,2.0,0,23.0,0
22024,1630167,0022401119,2025-04-04,IND vs. UTA,W,19,2,4,0.5,1,3,0.333,1,2,0.5,0,4,4,4,0,1,1,2,6,12,1,18.0,2.0,0,22.5,0
22024,1630167,0022401142,2025-04-06,IND @ DEN,W,26,9,18,0.5,4,9,0.444,0,0,0.0,0,4,4,1,0,0,0,1,22,0,1,19.0,2.0,1,19.9,1
22024,1630167,0022401148,2025-04-08,IND vs. WAS,W,20,3,10,0.3,2,6,0.333,4,6,0.667,1,6,7,3,0,0,0,1,12,22,1,26.0,2.0,0,20.2,0
22024,1630167,0022401168,2025-04-10,IND vs. CLE,W,19,4,7,0.571,1,4,0.25,1,2,0.5,1,3,4,2,0,2,1,0,10,-3,1,20.0,2.0,0,20.4,0
22024,1630167,0022401172,2025-04-11,IND vs. ORL,L,21,2,8,0.25,0,2,0.0,0,0,0.0,1,4,5,3,1,0,2,3,4,-15,1,19.0,1.0,0,20.5,0
22024,1630167,0022401189,2025-04-13,IND @ CLE,W,12,3,6,0.5,1,3,0.333,0,0,0.0,1,2,3,0,2,0,2,1,7,-6,1,21.0,2.0,1,20.2,0
22025,1630167,0022500979,2026-03-15,IND @ MIL,L,16,3,7,0.429,3,7,0.429,2,3,0.667,0,4,4,3,0,0,2,0,11,2,1,16.0,2.0,1,16.5,0
22025,1630167,0022500994,2026-03-17,IND @ NYK,L,18,6,8,0.75,3,5,0.6,0,0,0.0,0,3,3,3,0,0,1,3,15,8,1,16.0,2.0,1,14.1,1
22025,1630167,0022501028,2026-03-21,IND @ SAS,L,19,5,10,0.5,0,5,0.0,1,1,1.0,0,4,4,4,0,0,4,0,11,-10,1,18.0,4.0,1,13.3,1
22025,1630167,0022501039,2026-03-23,IND @ ORL,W,17,3,5,0.6,2,4,0.5,0,0,0.0,0,2,2,4,0,1,1,2,8,2,1,19.0,2.0,1,13.5,1
22025,1630167,0022501052,2026-03-25,IND vs. LAL,L,20,7,10,0.7,1,3,0.333,0,0,0.0,0,3,3,2,3,0,3,0,15,6,1,17.0,2.0,0,14.4,1
22025,1630167,0022501066,2026-03-27,IND vs. LAC,L,23,8,11,0.727,4,7,0.571,0,0,0.0,3,5,8,4,0,0,1,3,20,6,1,20.0,2.0,0,15.3,1
22025,1630167,0022501083,2026-03-29,IND vs. MIA,W,15,5,8,0.625,1,3,0.333,1,1,1.0,0,2,2,3,0,0,0,2,12,10,1,23.0,2.0,0,16.6,0
22025,1630167,0022501109,2026-04-01,IND @ CHI,W,11,3,6,0.5,0,1,0.0,0,0,0.0,1,2,3,3,1,0,0,0,6,-2,1,15.0,3.0,1,17.0,0
22025,1630167,0022501120,2026-04-03,IND @ CHA,L,20,4,9,0.444,3,6,0.5,0,0,0.0,0,4,4,1,0,0,1,0,11,-5,1,11.0,2.0,1,17.0,1
22025,1630167,0022501136,2026-04-05,IND @ CLE,L,23,4,10,0.4,3,7,0.429,10,10,1.0,1,7,8,4,1,0,1,2,21,0,1,20.0,2.0,1,17.5,1
22025,1630167,0022501152,2026-04-07,IND vs. MIN,L,22,4,13,0.308,1,3,0.333,5,5,1.0,0,3,3,2,1,0,2,1,14,-9,1,23.0,2.0,0,18.2,1
22025,1630167,0022501167,2026-04-09,IND @ BKN,W,19,11,14,0.786,0,1,0.0,4,4,1.0,2,7,9,3,0,0,0,0,26,24,1,22.0,2.0,1,18.8,0
22025,1630167,0022501175,2026-04-10,IND vs. PHI,L,19,3,8,0.375,1,5,0.2,0,0,0.0,0,7,7,2,0,0,2,0,7,0,1,19.0,1.0,0,18.9,0
22025,1630167,0022501188,2026-04-12,IND vs. DET,L,18,7,12,0.583,7,11,0.636,0,0,0.0,0,2,2,2,0,0,2,1,21,-11,1,19.0,2.0,0,18.9,0
22023,1629018,0022300038,2023-11-21,TOR @ ORL,L,21,1,6,0.167,1,2,0.5,0,0,0.0,0,0,0,1,0,0,0,1,3,-3,1,26.0,2.0,1,27.3,0
22023,1629018,0022300230,2023-11-22,TOR @ IND,W,25,2,5,0.4,2,4,0.5,2,4,0.5,0,1,1,1,1,0,2,1,8,14,1,21.0,1.0,1,26.7,0
22023,1629018,0022300046,2023-11-24,TOR vs. CHI,W,21,6,13,0.462,4,9,0.444,0,0,0.0,0,1,1,2,1,0,0,3,16,-4,1,25.0,2.0,0,25.6,0
22023,1629018,0022300251,2023-11-26,TOR @ CLE,L,26,5,13,0.385,1,7,0.143,2,2,1.0,0,1,1,0,1,0,1,0,13,10,1,21.0,2.0,1,24.4,0
22023,1629018,0022300054,2023-11-28,TOR @ BKN,L,25,7,12,0.583,1,4,0.25,0,0,0.0,0,2,2,1,1,0,0,1,15,-6,1,26.0,2.0,1,25.1,0
22023,1629018,0022300260,2023-11-29,TOR vs. PHX,W,25,5,13,0.385,3,7,0.429,0,0,0.0,0,5,5,2,0,0,0,1,13,0,1,25.0,1.0,0,25.3,0
22023,1629018,0022300276,2023-12-01,TOR vs. NYK,L,23,2,6,0.333,0,1,0.0,0,1,0.0,0,1,1,4,0,0,0,0,4,-18,1,25.0,2.0,0,25.5,0
22023,1629018,0022301207,2023-12-06,TOR vs. MIA,L,25,5,11,0.455,3,7,0.429,2,2,1.0,0,2,2,2,0,0,1,3,15,7,1,23.0,5.0,0,24.9,0
22023,1629018,0022301216,2023-12-08,TOR @ CHA,L,20,0,7,0.0,0,3,0.0,0,0,0.0,0,2,2,2,0,0,0,0,0,-7,1,25.0,2.0,1,24.8,0
22023,1629018,0022300297,2023-12-11,TOR @ NYK,L,19,2,8,0.25,0,4,0.0,0,0,0.0,1,0,1,2,0,0,0,0,4,3,1,20.0,3.0,1,23.7,0
22023,1629018,0022300313,2023-12-13,TOR vs. ATL,W,20,4,11,0.364,4,8,0.5,0,0,0.0,0,0,0,1,0,0,0,0,12,-8,1,19.0,2.0,0,23.0,0
22023,1629018,0022300330,2023-12-15,TOR vs. ATL,L,20,3,8,0.375,2,5,0.4,0,0,0.0,0,2,2,3,0,0,1,1,8,-11,1,20.0,2.0,0,22.9,0
22023,1629018,0022300354,2023-12-18,TOR vs. CHA,W,35,9,17,0.529,4,10,0.4,0,0,0.0,0,10,10,3,1,0,1,1,22,25,1,20.0,3.0,0,22.4,1
22023,1629018,0022300369,2023-12-20,TOR vs. DEN,L,29,4,9,0.444,1,5,0.2,3,3,1.0,0,3,3,4,0,0,1,0,12,-11,1,35.0,2.0,0,23.8,1
22023,1629018,0022300382,2023-12-22,TOR @ PHI,L,26,6,11,0.545,5,8,0.625,0,0,0.0,1,3,4,1,1,0,0,3,17,-10,1,29.0,2.0,1,24.1,0
22023,1629018,0022300395,2023-12-23,TOR vs. UTA,L,28,6,12,0.5,4,9,0.444,0,0,0.0,0,0,0,0,0,0,2,0,16,-10,1,26.0,1.0,0,24.2,1
22023,1629018,0022300416,2023-12-27,TOR @ WAS,W,26,4,10,0.4,3,8,0.375,1,2,0.5,0,2,2,4,2,0,1,1,12,8,1,28.0,4.0,1,24.5,0
22023,1629018,0022300432,2023-12-29,TOR @ BOS,L,29,2,10,0.2,1,4,0.25,1,2,0.5,0,4,4,1,2,0,0,0,6,-10,1,26.0,2.0,1,24.8,1
22023,1629018,0022300440,2023-12-30,TOR @ DET,L,39,8,16,0.5,6,9,0.667,2,2,1.0,0,1,1,4,4,1,0,3,24,4,1,29.0,1.0,1,25.2,1
22023,1629018,0022300452,2024-01-01,TOR vs. CLE,W,26,3,10,0.3,1,5,0.2,2,2,1.0,2,4,6,2,1,0,0,1,9,-1,1,39.0,2.0,0,27.1,0
22023,1629018,0022300470,2024-01-03,TOR @ MEM,W,21,2,5,0.4,1,1,1.0,0,0,0.0,0,1,1,0,1,0,2,2,5,2,1,26.0,2.0,1,27.8,0
22023,1629018,0022300504,2024-01-07,TOR @ GSW,W,26,6,11,0.545,2,5,0.4,0,0,0.0,0,1,1,1,2,1,0,1,14,10,1,21.0,4.0,1,27.9,0
22023,1629018,0022300516,2024-01-09,TOR @ LAL,L,24,5,10,0.5,4,6,0.667,0,0,0.0,0,1,1,1,0,0,0,1,14,-6,1,26.0,2.0,1,28.5,0
22023,1629018,0022300526,2024-01-10,TOR @ LAC,L,24,5,9,0.556,2,4,0.5,0,0,0.0,1,2,3,2,0,0,0,1,12,-9,1,24.0,1.0,1,27.4,0
22023,1629018,0022300540,2024-01-12,TOR @ UTA,L,22,2,6,0.333,1,2,0.5,0,0,0.0,1,0,1,2,0,0,1,1,5,-6,1,24.0,2.0,1,26.9,0
22023,1629018,0022300574,2024-01-17,TOR vs. MIA,W,31,10,13,0.769,8,9,0.889,0,0,0.0,0,2,2,0,1,0,0,1,28,14,1,22.0,5.0,0,26.5,1
22023,1629018,0022300580,2024-01-18,TOR vs. CHI,L,30,3,8,0.375,0,4,0.0,0,0,0.0,0,2,2,2,0,0,2,3,6,-21,1,31.0,1.0,0,26.8,1
22023,1629018,0022300596,2024-01-20,TOR @ NYK,L,26,6,10,0.6,4,8,0.5,0,0,0.0,0,1,1,0,1,1,1,4,16,-13,1,30.0,2.0,1,27.2,0
22023,1629018,0022300609,2024-01-22,TOR vs. MEM,L,24,2,6,0.333,2,4,0.5,0,0,0.0,0,0,0,2,1,0,1,1,6,-2,1,26.0,2.0,0,26.9,0
22023,1629018,0022300637,2024-01-26,TOR vs. LAC,L,29,5,13,0.385,3,8,0.375,0,0,0.0,0,1,1,3,0,0,0,1,13,-12,1,24.0,4.0,0,25.4,1
22023,1629018,0022300653,2024-01-28,TOR @ ATL,L,26,6,12,0.5,4,8,0.5,0,0,0.0,0,1,1,0,2,0,1,5,16,-19,1,29.0,2.0,1,25.7,0
22023,1629018,0022300672,2024-01-30,TOR @ CHI,W,32,9,15,0.6,6,11,0.545,0,0,0.0,0,5,5,1,1,0,2,1,24,12,1,26.0,2.0,1,26.2,1
22023,1629018,0022300692,2024-02-02,TOR @ HOU,L,26,5,12,0.417,2,5,0.4,0,0,0.0,2,2,4,0,2,0,1,1,12,-17,1,32.0,3.0,1,26.8,0
22023,1629018,0022300710,2024-02-04,TOR @ OKC,L,40,6,15,0.4,4,8,0.5,0,0,0.0,0,6,6,0,2,0,1,2,16,-9,1,26.0,2.0,1,27.0,1
22023,1629018,0022300718,2024-02-05,TOR @ NOP,L,15,1,5,0.2,0,2,0.0,0,0,0.0,0,1,1,0,0,0,0,0,2,-16,1,40.0,1.0,1,28.6,0
22023,1629018,0022300726,2024-02-07,TOR @ CHA,W,28,5,13,0.385,4,8,0.5,0,0,0.0,0,0,0,1,3,0,1,1,14,-2,1,15.0,2.0,1,27.9,0
22023,1629018,0022300744,2024-02-09,TOR vs. HOU,W,34,2,11,0.182,2,8,0.25,2,2,1.0,0,1,1,3,4,0,1,1,8,17,1,28.0,2.0,0,27.6,1
22023,1629018,0022300756,2024-02-10,TOR vs. CLE,L,23,2,7,0.286,2,5,0.4,0,0,0.0,0,2,2,2,1,0,1,1,6,-2,1,34.0,1.0,0,28.0,0
22023,1629018,0022300764,2024-02-12,TOR vs. SAS,L,22,2,7,0.286,0,0,0.0,0,0,0.0,0,1,1,0,2,0,2,1,4,-19,1,23.0,2.0,0,27.7,0
22023,1629018,0022300782,2024-02-14,TOR vs. IND,L,30,3,9,0.333,2,6,0.333,0,0,0.0,0,6,6,3,0,2,0,1,8,2,1,22.0,2.0,0,27.5,0
22023,1629018,0022300795,2024-02-22,TOR vs. BKN,W,31,9,12,0.75,5,7,0.714,2,2,1.0,0,1,1,2,1,0,0,4,25,24,1,30.0,8.0,0,27.6,1
22023,1629018,0022300804,2024-02-23,TOR @ ATL,W,34,4,14,0.286,2,9,0.222,3,3,1.0,1,3,4,4,0,1,1,2,13,-9,1,31.0,1.0,1,28.1,1
22023,1629018,0022300829,2024-02-26,TOR @ IND,W,31,5,12,0.417,1,6,0.167,0,0,0.0,1,4,5,2,0,0,0,2,11,2,1,34.0,3.0,1,28.3,0
22023,1629018,0022300844,2024-02-28,TOR vs. DAL,L,33,3,8,0.375,2,5,0.4,3,4,0.75,0,4,4,0,1,0,0,1,11,8,1,31.0,2.0,0,28.8,1
22023,1629018,0022300860,2024-03-01,TOR vs. GSW,L,30,4,14,0.286,1,8,0.125,0,0,0.0,1,2,3,2,2,0,0,0,9,0,1,33.0,2.0,0,28.1,0
22023,1629018,0022300875,2024-03-03,TOR vs. CHA,W,34,6,13,0.462,3,6,0.5,2,3,0.667,1,4,5,0,3,1,0,0,17,8,1,30.0,2.0,0,29.6,1
22023,1629018,0022300890,2024-03-05,TOR vs. NOP,L,29,6,12,0.5,4,10,0.4,0,0,0.0,0,3,3,1,1,0,1,1,16,-13,1,34.0,2.0,0,30.2,0
22023,1629018,0022300905,2024-03-07,TOR @ PHX,L,36,11,22,0.5,5,13,0.385,3,3,1.0,1,2,3,0,0,0,0,1,30,-7,1,29.0,2.0,1,29.7,1
22023,1629018,0022300923,2024-03-09,TOR @ POR,L,42,10,26,0.385,3,12,0.25,0,1,0.0,2,3,5,3,2,0,2,2,23,-12,1,36.0,2.0,1,31.0,1
22023,1629018,0022300963,2024-03-15,TOR vs. ORL,L,32,10,17,0.588,7,11,0.636,4,5,0.8,0,4,4,0,1,0,0,3,31,-6,1,42.0,6.0,0,33.0,0
22023,1629018,0022300979,2024-03-17,TOR @ ORL,L,31,6,12,0.5,2,6,0.333,1,1,1.0,0,4,4,3,3,1,0,2,15,-16,1,32.0,2.0,1,33.2,0
22023,1629018,0022300999,2024-03-20,TOR vs. SAC,L,32,6,17,0.353,4,9,0.444,2,2,1.0,3,3,6,2,1,0,0,2,18,-16,1,31.0,3.0,0,33.2,0
22023,1629018,0022301022,2024-03-23,TOR @ WAS,L,34,10,26,0.385,1,7,0.143,10,10,1.0,1,3,4,2,3,0,0,2,31,5,1,32.0,3.0,1,33.0,0
22023,1629018,0022301036,2024-03-25,TOR vs. BKN,L,30,7,17,0.412,2,7,0.286,2,2,1.0,0,2,2,2,0,0,0,2,18,-9,1,34.0,2.0,0,33.3,0
22023,1629018,0022301053,2024-03-27,TOR vs. NYK,L,31,6,11,0.545,1,2,0.5,5,6,0.833,0,2,2,6,0,0,1,0,18,-32,1,30.0,2.0,0,33.0,0
22023,1629018,0022301080,2024-03-31,TOR vs. PHI,L,32,10,20,0.5,3,9,0.333,0,0,0.0,0,2,2,2,2,0,1,1,23,-10,1,31.0,4.0,0,33.1,0
22023,1629018,0022301122,2024-04-05,TOR @ MIL,W,37,11,22,0.5,7,15,0.467,2,2,1.0,0,5,5,3,2,0,2,2,31,11,1,32.0,5.0,1,32.9,1
22023,1629018,0022301137,2024-04-07,TOR vs. WAS,W,35,9,16,0.563,2,4,0.5,0,0,0.0,0,7,7,5,3,0,0,0,20,18,1,37.0,2.0,0,33.7,0
22023,1629018,0022301146,2024-04-09,TOR vs. IND,L,34,7,19,0.368,0,7,0.0,2,4,0.5,1,2,3,4,4,0,3,5,16,-9,1,35.0,2.0,0,33.6,0
22023,1629018,0022301176,2024-04-12,TOR @ MIA,L,29,3,13,0.231,1,7,0.143,0,0,0.0,0,1,1,1,0,0,1,2,7,-5,1,34.0,3.0,1,32.8,0
22023,1629018,0022301189,2024-04-14,TOR @ MIA,L,23,6,14,0.429,3,8,0.375,3,3,1.0,1,3,4,1,0,0,0,1,18,-18,1,29.0,2.0,1,32.5,0
22024,1629018,0022400229,2024-11-16,MIL @ CHA,L,18,4,8,0.5,2,6,0.333,0,0,0.0,0,0,0,1,3,0,0,0,10,-1,1,34.0,3.0,1,25.4,0
22024,1629018,0022400248,2024-11-18,MIL vs. HOU,W,24,4,8,0.5,4,6,0.667,0,0,0.0,0,1,1,0,1,0,0,5,12,15,1,18.0,2.0,0,23.8,0
22024,1629018,0022400253,2024-11-20,MIL vs. CHI,W,29,3,6,0.5,3,5,0.6,2,2,1.0,1,5,6,0,0,0,0,3,11,-1,1,24.0,2.0,0,22.8,1
22024,1629018,0022400029,2024-11-22,MIL vs. IND,W,29,6,10,0.6,6,10,0.6,0,0,0.0,0,2,2,1,1,0,1,1,18,-6,1,29.0,2.0,0,22.9,1
22024,1629018,0022400268,2024-11-23,MIL vs. CHA,W,29,6,8,0.75,4,5,0.8,0,0,0.0,1,2,3,2,0,0,2,3,16,13,1,29.0,1.0,0,22.1,1
22024,1629018,0022400036,2024-11-26,MIL @ MIA,W,24,1,9,0.111,0,4,0.0,0,0,0.0,1,1,2,0,3,0,0,3,2,-8,1,29.0,3.0,1,23.2,0
22024,1629018,0022400302,2024-11-30,MIL vs. WAS,W,19,1,3,0.333,0,1,0.0,0,0,0.0,0,4,4,2,0,0,1,1,2,5,1,24.0,4.0,0,22.2,0
22024,1629018,0022400052,2024-12-03,MIL @ DET,W,27,6,12,0.5,3,5,0.6,1,2,0.5,0,3,3,2,2,0,0,1,16,10,1,19.0,3.0,1,22.0,1
22024,1629018,0022400323,2024-12-04,MIL vs. ATL,L,31,4,11,0.364,3,9,0.333,0,0,0.0,0,3,3,1,0,0,0,3,11,-7,1,27.0,1.0,0,23.9,1
22024,1629018,0022400335,2024-12-06,MIL @ BOS,L,37,4,6,0.667,3,5,0.6,0,0,0.0,0,4,4,1,0,0,0,3,11,-6,1,31.0,2.0,1,26.4,1
22024,1629018,0022400348,2024-12-08,MIL @ BKN,W,25,6,10,0.6,3,7,0.429,5,5,1.0,0,0,0,0,1,0,1,1,20,6,1,37.0,2.0,1,26.7,0
22024,1629018,0022401201,2024-12-10,MIL vs. ORL,W,24,2,4,0.5,2,4,0.5,0,0,0.0,0,0,0,2,1,0,0,3,6,11,1,25.0,2.0,0,27.4,0
22024,1629018,0022401229,2024-12-14,MIL vs. ATL,W,22,0,5,0.0,0,4,0.0,1,2,0.5,0,1,1,0,0,0,0,2,1,8,1,24.0,4.0,0,27.4,0
22024,1629018,0022400374,2024-12-20,MIL @ CLE,L,18,3,5,0.6,1,3,0.333,1,1,1.0,0,1,1,0,1,0,1,0,8,-20,1,22.0,6.0,1,26.7,0
22024,1629018,0022400382,2024-12-21,MIL vs. WAS,W,31,6,16,0.375,3,10,0.3,0,0,0.0,1,6,7,2,2,1,1,3,15,-2,1,18.0,1.0,0,25.6,1
22024,1629018,0022400398,2024-12-23,MIL @ CHI,W,17,5,10,0.5,4,6,0.667,0,0,0.0,1,3,4,0,1,0,0,2,14,16,1,31.0,2.0,1,25.8,0
22024,1629018,0022400415,2024-12-26,MIL vs. BKN,L,22,6,10,0.6,2,2,1.0,0,0,0.0,0,3,3,0,3,0,3,0,14,3,1,17.0,3.0,0,25.1,0
22024,1629018,0022400430,2024-12-28,MIL @ CHI,L,17,3,8,0.375,1,4,0.25,0,0,0.0,0,2,2,1,1,0,2,1,7,-7,1,22.0,2.0,1,25.4,0
22024,1629018,0022400450,2024-12-31,MIL @ IND,W,29,5,9,0.556,4,5,0.8,0,0,0.0,0,2,2,1,2,0,0,1,14,5,1,17.0,3.0,1,24.4,1
22024,1629018,0022400465,2025-01-02,MIL vs. BKN,L,21,2,8,0.25,2,7,0.286,4,4,1.0,1,1,2,0,1,0,1,2,10,-11,1,29.0,2.0,0,24.2,0
22024,1629018,0022400483,2025-01-04,MIL vs. POR,L,18,2,5,0.4,1,3,0.333,0,0,0.0,0,2,2,0,0,0,0,2,5,-4,1,21.0,2.0,0,22.6,0
22024,1629018,0022400497,2025-01-06,MIL @ TOR,W,24,6,9,0.667,3,5,0.6,2,2,1.0,0,3,3,1,3,0,1,3,17,14,1,18.0,2.0,1,21.9,0
22024,1629018,0022400516,2025-01-08,MIL vs. SAS,W,22,5,5,1.0,4,4,1.0,0,0,0.0,0,3,3,2,2,0,0,1,14,20,1,24.0,2.0,0,21.9,0
22024,1629018,0022400526,2025-01-10,MIL @ ORL,W,24,1,3,0.333,1,2,0.5,0,0,0.0,0,3,3,1,0,0,1,2,3,5,1,22.0,2.0,1,21.9,0
22024,1629018,0022400580,2025-01-17,MIL vs. TOR,W,25,4,8,0.5,2,5,0.4,0,0,0.0,0,3,3,1,2,0,0,2,10,9,1,24.0,7.0,0,22.5,1
22024,1629018,0022400594,2025-01-19,MIL vs. PHI,W,23,2,7,0.286,2,5,0.4,0,0,0.0,0,2,2,2,0,0,0,1,6,4,1,25.0,2.0,0,21.9,0
22024,1629018,0022400624,2025-01-23,MIL vs. MIA,W,27,7,11,0.636,7,10,0.7,0,0,0.0,0,1,1,1,0,0,0,2,21,31,1,23.0,4.0,0,22.5,1
22024,1629018,0022400646,2025-01-25,MIL @ LAC,L,34,7,11,0.636,5,9,0.556,0,0,0.0,0,2,2,2,0,0,3,3,19,-11,1,27.0,2.0,1,23.0,1
22024,1629018,0022400658,2025-01-27,MIL @ UTA,W,27,2,9,0.222,2,7,0.286,2,2,1.0,0,2,2,2,0,1,0,0,8,7,1,34.0,2.0,1,24.7,0
22024,1629018,0022400662,2025-01-28,MIL @ POR,L,27,4,11,0.364,3,10,0.3,0,0,0.0,1,3,4,3,3,0,0,1,11,-7,1,27.0,1.0,1,24.5,1
22024,1629018,0022400684,2025-01-31,MIL @ SAS,L,24,1,7,0.143,0,3,0.0,0,0,0.0,0,2,2,0,0,0,0,1,2,-7,1,27.0,3.0,1,25.1,0
22024,1629018,0022400699,2025-02-02,MIL vs. MEM,L,16,0,4,0.0,0,3,0.0,0,0,0.0,0,4,4,2,0,0,0,0,0,-12,1,24.0,2.0,0,25.7,0
22024,1629018,0022400705,2025-02-03,MIL @ OKC,L,20,4,11,0.364,1,4,0.25,1,2,0.5,0,1,1,1,0,0,0,0,10,-21,1,16.0,1.0,1,24.9,0
22024,1629018,0022400717,2025-02-05,MIL @ CHA,W,26,5,8,0.625,3,5,0.6,0,0,0.0,2,4,6,0,0,0,0,1,13,7,1,20.0,2.0,1,24.7,0
22024,1629018,0022400736,2025-02-07,MIL @ ATL,L,29,7,12,0.583,5,8,0.625,0,0,0.0,0,0,0,4,3,0,1,4,19,2,1,26.0,2.0,1,24.9,1
22024,1629018,0022400754,2025-02-09,MIL vs. PHI,W,33,7,20,0.35,7,15,0.467,2,3,0.667,2,4,6,3,3,0,2,2,23,10,1,29.0,2.0,0,25.3,1
22024,1629018,0022400760,2025-02-10,MIL vs. GSW,L,28,3,7,0.429,1,5,0.2,0,2,0.0,0,2,2,1,0,1,1,3,7,-19,1,33.0,1.0,0,26.3,0
22024,1629018,0022400776,2025-02-12,MIL @ MIN,W,29,8,12,0.667,3,5,0.6,2,2,1.0,0,1,1,2,1,0,0,0,21,1,1,28.0,2.0,1,26.4,0
22024,1629018,0022400793,2025-02-20,MIL vs. LAC,W,22,2,6,0.333,1,3,0.333,2,2,1.0,0,0,0,3,1,0,1,2,7,-6,1,29.0,8.0,0,25.9,0
22024,1629018,0022400799,2025-02-21,MIL @ WAS,W,30,4,13,0.308,0,7,0.0,1,1,1.0,0,6,6,2,0,0,0,1,9,2,1,22.0,1.0,1,25.4,1
22024,1629018,0022400817,2025-02-23,MIL vs. MIA,W,23,5,9,0.556,3,5,0.6,3,4,0.75,0,4,4,0,0,0,2,3,16,5,1,30.0,2.0,0,25.7,0
22024,1629018,0022400831,2025-02-25,MIL @ HOU,L,20,2,6,0.333,0,1,0.0,1,2,0.5,0,2,2,0,0,0,1,1,5,-4,1,23.0,2.0,1,25.6,0
22024,1629018,0022400846,2025-02-27,MIL vs. DEN,W,24,6,8,0.75,3,4,0.75,0,0,0.0,1,1,2,1,3,0,1,0,15,-2,1,20.0,2.0,0,26.0,0
22024,1629018,0022400865,2025-03-01,MIL @ DAL,W,30,7,16,0.438,4,12,0.333,2,2,1.0,3,2,5,2,0,0,1,2,20,4,1,24.0,2.0,1,26.4,1
22024,1629018,0022400884,2025-03-04,MIL @ ATL,W,25,6,10,0.6,2,6,0.333,1,1,1.0,0,0,0,2,2,0,1,2,15,1,1,30.0,3.0,1,26.8,0
22024,1629018,0022400922,2025-03-09,MIL vs. CLE,L,20,1,9,0.111,1,4,0.25,2,2,1.0,1,0,1,0,1,0,0,1,5,-7,1,25.0,5.0,0,26.4,0
22024,1629018,0022400942,2025-03-11,MIL @ IND,L,20,3,7,0.429,3,6,0.5,0,0,0.0,0,1,1,0,1,0,0,4,9,4,1,20.0,2.0,1,25.1,0
22024,1629018,0022400955,2025-03-13,MIL vs. LAL,W,24,6,14,0.429,4,9,0.444,0,0,0.0,0,0,0,1,0,0,1,0,16,5,1,20.0,2.0,0,24.3,0
22024,1629018,0022400972,2025-03-15,MIL vs. IND,W,23,5,9,0.556,3,6,0.5,0,0,0.0,0,4,4,3,0,0,0,1,13,23,1,24.0,2.0,0,23.8,0
22024,1629018,0022400982,2025-03-16,MIL vs. OKC,L,25,4,11,0.364,3,9,0.333,1,2,0.5,0,1,1,2,2,0,0,2,12,-11,1,23.0,1.0,0,23.9,0
22024,1629018,0022401012,2025-03-18,MIL @ GSW,L,26,3,9,0.333,1,4,0.25,3,3,1.0,0,1,1,0,1,1,0,0,10,-16,1,25.0,2.0,1,23.4,1
22024,1629018,0022400996,2025-03-20,MIL @ LAL,W,27,6,10,0.6,6,10,0.6,5,5,1.0,0,3,3,3,2,0,0,1,23,28,1,26.0,2.0,1,23.7,1
22024,1629018,0022401027,2025-03-22,MIL @ SAC,W,36,4,11,0.364,3,8,0.375,0,0,0.0,0,0,0,0,2,0,0,1,11,13,1,27.0,2.0,1,24.4,1
22024,1629018,0022401043,2025-03-24,MIL @ PHX,L,31,6,12,0.5,4,8,0.5,3,3,1.0,2,2,4,2,2,0,0,3,19,-5,1,36.0,2.0,1,25.6,1
22024,1629018,0022401057,2025-03-26,MIL @ DEN,L,34,5,15,0.333,4,11,0.364,2,2,1.0,0,4,4,0,0,0,1,1,16,-5,1,31.0,2.0,1,25.7,1
22024,1629018,0022401070,2025-03-28,MIL vs. NYK,L,34,5,11,0.455,4,8,0.5,0,0,0.0,0,1,1,0,0,0,0,1,14,-9,1,34.0,2.0,0,26.6,1
22024,1629018,0022401083,2025-03-30,MIL vs. ATL,L,29,2,9,0.222,1,6,0.167,5,5,1.0,0,3,3,0,0,0,1,2,10,0,1,34.0,2.0,0,28.0,0
22024,1629018,0022401101,2025-04-01,MIL vs. PHX,W,27,2,3,0.667,2,3,0.667,0,0,0.0,0,2,2,2,0,0,1,0,6,-18,1,29.0,2.0,0,28.9,0
22024,1629018,0022401115,2025-04-03,MIL @ PHI,W,23,3,8,0.375,3,6,0.5,4,5,0.8,1,1,2,1,3,0,0,0,13,11,1,27.0,2.0,1,29.2,0
22024,1629018,0022401131,2025-04-05,MIL @ MIA,W,23,1,7,0.143,0,4,0.0,0,0,0.0,0,1,1,1,0,0,0,1,2,6,1,23.0,2.0,1,29.2,0
22024,1629018,0022400617,2025-04-06,MIL @ NOP,W,40,10,17,0.588,4,10,0.4,5,8,0.625,1,4,5,1,0,0,1,2,29,1,1,23.0,1.0,1,29.0,1
22024,1629018,0022401152,2025-04-08,MIL vs. MIN,W,25,2,8,0.25,2,6,0.333,1,1,1.0,0,2,2,4,0,0,0,1,7,18,1,40.0,2.0,0,30.4,0
22024,1629018,0022401161,2025-04-10,MIL vs. NOP,W,24,6,10,0.6,4,7,0.571,1,1,1.0,0,0,0,2,2,0,0,0,17,23,1,25.0,2.0,0,30.2,0
22024,1629018,0022401171,2025-04-11,MIL @ DET,W,24,3,12,0.25,3,9,0.333,0,0,0.0,0,1,1,1,2,0,1,3,9,6,1,24.0,1.0,1,29.0,0
22025,1629018,0022500203,2025-11-10,MIL @ DAL,W,27,1,4,0.25,1,3,0.333,0,0,0.0,0,2,2,1,1,1,1,1,3,2,1,29.0,1.0,1,28.1,0
22025,1629018,0022500213,2025-11-12,MIL @ CHA,L,29,1,5,0.2,0,2,0.0,0,0,0.0,0,0,0,4,1,0,1,1,2,-25,1,27.0,2.0,1,28.4,0
22025,1629018,0022500043,2025-11-14,MIL vs. CHA,W,21,3,5,0.6,1,1,1.0,1,1,1.0,0,0,0,1,1,0,0,1,8,-15,1,29.0,2.0,0,28.4,0
22025,1629018,0022500231,2025-11-15,MIL vs. LAL,L,24,5,12,0.417,3,9,0.333,0,0,0.0,0,0,0,1,0,0,0,3,13,-27,1,21.0,1.0,0,27.7,0
22025,1629018,0022500241,2025-11-17,MIL @ CLE,L,31,5,10,0.5,2,5,0.4,0,0,0.0,0,2,2,0,1,0,2,1,12,-18,1,24.0,2.0,1,27.0,1
22025,1629018,0022500266,2025-11-20,MIL vs. PHI,L,38,4,10,0.4,3,7,0.429,0,0,0.0,0,0,0,2,1,0,2,1,11,5,1,31.0,3.0,0,27.1,1
22025,1629018,0022500272,2025-11-22,MIL vs. DET,L,19,3,5,0.6,2,4,0.5,0,0,0.0,0,0,0,0,0,0,1,1,8,-3,1,38.0,2.0,0,27.7,0
22025,1629018,0022500288,2025-11-24,MIL vs. POR,L,32,3,7,0.429,2,4,0.5,4,5,0.8,0,2,2,3,1,0,2,3,12,9,1,19.0,2.0,0,26.2,1
22025,1629018,0022500062,2025-11-26,MIL @ MIA,L,35,5,14,0.357,5,12,0.417,0,0,0.0,0,1,1,2,2,0,1,0,15,10,1,32.0,2.0,1,27.3,1
22025,1629018,0022500074,2025-11-28,MIL @ NYK,L,25,1,4,0.25,1,4,0.25,0,0,0.0,0,0,0,1,0,0,0,3,3,-6,1,35.0,2.0,1,28.5,0
22025,1629018,0022500297,2025-11-29,MIL vs. BKN,W,25,2,9,0.222,1,8,0.125,0,0,0.0,1,1,2,1,0,0,1,0,5,-6,1,25.0,1.0,0,28.1,0
22025,1629018,0022500311,2025-12-01,MIL @ WAS,L,31,4,7,0.571,3,5,0.6,3,3,1.0,0,1,1,0,0,1,1,1,14,-12,1,25.0,2.0,1,27.9,1
22025,1629018,0022500331,2025-12-03,MIL vs. DET,W,22,1,4,0.25,1,4,0.25,0,0,0.0,0,1,1,2,0,0,1,0,3,9,1,31.0,2.0,0,28.1,0
22025,1629018,0022500348,2025-12-05,MIL vs. PHI,L,23,2,5,0.4,1,4,0.25,1,1,1.0,0,1,1,3,0,0,0,1,6,-3,1,22.0,2.0,0,28.2,0
22025,1629018,0022500353,2025-12-06,MIL @ DET,L,29,4,11,0.364,1,5,0.2,2,2,1.0,1,0,1,1,1,0,0,1,11,-19,1,23.0,1.0,1,28.1,0
22025,1629018,0022501206,2025-12-11,MIL vs. BOS,W,28,5,9,0.556,3,6,0.5,0,0,0.0,1,1,2,1,0,0,0,0,13,12,1,29.0,5.0,0,27.9,0
22025,1629018,0022501219,2025-12-14,MIL @ BKN,L,29,7,14,0.5,4,8,0.5,2,2,1.0,0,2,2,0,2,0,2,3,20,-17,1,28.0,3.0,1,26.9,0
22025,1629018,0022500374,2025-12-18,MIL vs. TOR,L,30,1,8,0.125,1,5,0.2,0,0,0.0,0,0,0,2,2,0,0,1,3,-15,1,29.0,4.0,0,27.9,0
22025,1629018,0022500400,2025-12-21,MIL @ MIN,L,18,2,11,0.182,2,7,0.286,0,0,0.0,0,2,2,0,0,0,0,0,6,3,1,30.0,3.0,1,27.7,0
22025,1629018,0022500413,2025-12-23,MIL @ IND,W,5,2,2,1.0,1,1,1.0,0,0,0.0,0,2,2,1,0,0,0,0,5,8,1,18.0,2.0,1,26.0,0
22025,1629018,0022500447,2025-12-29,MIL @ CHA,W,20,3,6,0.5,3,5,0.6,0,0,0.0,0,1,1,1,1,0,0,1,9,2,1,5.0,6.0,1,24.0,0
22025,1629018,0022500469,2025-12-31,MIL vs. WAS,L,15,0,4,0.0,0,3,0.0,0,0,0.0,0,1,1,0,0,0,0,1,0,-12,1,20.0,2.0,0,23.5,0
22025,1629018,0022500481,2026-01-02,MIL vs. CHA,W,17,0,3,0.0,0,3,0.0,0,0,0.0,0,2,2,1,0,0,0,1,0,-17,1,15.0,2.0,0,21.9,0
22025,1629018,0022500500,2026-01-04,MIL @ SAC,W,22,4,8,0.5,4,8,0.5,1,1,1.0,0,1,1,3,0,0,0,2,13,-5,1,17.0,2.0,1,21.4,0
22025,1629018,0022500526,2026-01-07,MIL @ GSW,L,22,2,7,0.286,0,4,0.0,1,1,1.0,0,1,1,2,0,0,1,1,5,-11,1,22.0,3.0,1,21.3,0
22025,1629018,0022500541,2026-01-09,MIL @ LAL,W,19,2,5,0.4,2,5,0.4,0,0,0.0,1,1,2,2,0,0,0,1,6,-6,1,22.0,2.0,1,20.6,0
22025,1629018,0022500554,2026-01-11,MIL @ DEN,L,15,0,2,0.0,0,2,0.0,0,0,0.0,0,0,0,2,0,0,0,2,0,-21,1,19.0,2.0,1,19.7,0
22025,1629018,0022500566,2026-01-13,MIL vs. MIN,L,14,2,5,0.4,2,5,0.4,0,0,0.0,0,0,0,1,0,0,0,0,6,-30,1,15.0,2.0,0,18.3,0
22025,1629018,0022500582,2026-01-15,MIL @ SAS,L,14,1,5,0.2,1,5,0.2,0,0,0.0,0,0,0,1,0,0,1,1,3,-9,1,14.0,2.0,1,16.7,0
22025,1629018,0022500625,2026-01-21,MIL vs. OKC,L,6,0,1,0.0,0,1,0.0,0,0,0.0,0,0,0,1,0,0,0,0,0,-2,1,14.0,6.0,0,16.3,0
22025,1629018,0022500666,2026-01-27,MIL @ PHI,L,21,4,9,0.444,4,9,0.444,1,3,0.333,0,0,0,0,0,0,0,2,13,-16,1,6.0,6.0,1,16.4,1
22025,1629018,0022500681,2026-01-29,MIL @ WAS,L,25,1,6,0.167,1,5,0.2,0,0,0.0,0,0,0,2,1,1,1,0,3,-1,1,21.0,2.0,1,16.5,1
22025,1629018,0022500702,2026-02-01,MIL @ BOS,L,25,2,8,0.25,2,7,0.286,3,3,1.0,0,1,1,0,0,0,0,2,9,-18,1,25.0,3.0,1,17.5,1
22025,1629018,0022500722,2026-02-03,MIL vs. CHI,W,23,5,9,0.556,5,8,0.625,0,0,0.0,1,0,1,0,0,0,1,3,15,17,1,25.0,2.0,0,18.3,1
22025,1629018,0022500729,2026-02-04,MIL vs. NOP,W,24,5,7,0.714,3,5,0.6,0,0,0.0,0,0,0,2,0,0,0,0,13,4,1,23.0,1.0,0,18.4,1
22025,1629018,0022500743,2026-02-06,MIL vs. IND,W,19,3,5,0.6,0,2,0.0,1,2,0.5,0,1,1,2,0,0,0,0,7,-5,1,24.0,2.0,0,18.6,0
22025,1629018,0022500789,2026-02-12,MIL @ OKC,W,3,0,3,0.0,0,1,0.0,0,0,0.0,0,0,0,0,0,0,0,0,0,-5,1,19.0,6.0,1,18.6,0
22025,1629018,0022500807,2026-02-20,MIL @ NOP,W,2,1,2,0.5,1,2,0.5,0,0,0.0,0,0,0,0,0,0,0,0,3,2,1,3.0,8.0,1,17.4,0
22025,1629018,0022500819,2026-02-22,MIL vs. TOR,L,7,0,3,0.0,0,1,0.0,0,0,0.0,0,0,0,0,0,0,0,1,0,-6,1,2.0,2.0,0,16.2,0
22025,1629018,0022500860,2026-02-27,MIL vs. NYK,L,6,2,3,0.667,1,2,0.5,0,0,0.0,0,1,1,0,0,0,1,0,5,3,1,7.0,5.0,0,15.5,0
22025,1629018,0022500870,2026-03-01,MIL @ CHI,L,4,1,3,0.333,1,3,0.333,0,0,0.0,0,0,0,0,0,0,1,0,3,-2,1,6.0,2.0,1,15.5,0
22025,1629018,0022500880,2026-03-02,MIL vs. BOS,L,2,0,1,0.0,0,1,0.0,2,2,1.0,0,0,0,0,1,0,0,0,2,-1,1,4.0,1.0,0,13.8,0
22025,1629018,0022500897,2026-03-04,MIL vs. ATL,L,2,0,1,0.0,0,1,0.0,0,0,0.0,0,0,0,0,0,0,1,0,0,2,1,2.0,2.0,0,11.5,0
22025,1629018,0022500919,2026-03-07,MIL vs. UTA,W,6,1,3,0.333,1,3,0.333,0,0,0.0,0,1,1,0,0,0,0,2,3,6,1,2.0,3.0,0,9.2,0
22025,1629018,0022500926,2026-03-08,MIL vs. ORL,L,25,4,12,0.333,1,9,0.111,0,0,0.0,1,2,3,0,0,0,1,3,9,-21,1,6.0,1.0,0,7.5,1
22025,1629018,0022500970,2026-03-14,MIL @ ATL,L,14,2,7,0.286,1,5,0.2,0,0,0.0,0,1,1,0,0,0,0,0,5,-2,1,25.0,6.0,1,7.6,1
22025,1629018,0022501014,2026-03-19,MIL @ UTA,L,17,1,5,0.2,1,5,0.2,1,2,0.5,0,1,1,1,0,0,0,1,4,0,1,14.0,5.0,1,7.1,1
22025,1629018,0022501031,2026-03-21,MIL @ PHX,W,23,4,10,0.4,3,6,0.5,0,0,0.0,0,1,1,0,0,0,0,1,11,13,1,17.0,2.0,1,8.5,1
22025,1629018,0022501046,2026-03-23,MIL @ LAC,L,31,7,13,0.538,6,10,0.6,0,0,0.0,0,1,1,1,0,0,1,1,20,-12,1,23.0,2.0,1,10.6,1
22025,1629018,0022501061,2026-03-25,MIL @ POR,L,19,0,7,0.0,0,4,0.0,0,0,0.0,0,0,0,0,1,0,0,3,0,-21,1,31.0,2.0,1,13.0,1
22025,1629018,0022501076,2026-03-28,MIL vs. SAS,L,26,8,11,0.727,2,4,0.5,0,0,0.0,1,0,1,2,2,0,2,2,18,-9,1,19.0,3.0,0,14.3,1
22025,1629018,0022501082,2026-03-29,MIL vs. LAC,L,37,12,21,0.571,9,15,0.6,3,4,0.75,0,2,2,4,2,0,5,4,36,-8,1,26.0,1.0,0,16.5,1
22025,1629018,0022500652,2026-03-31,MIL vs. DAL,W,23,4,10,0.4,4,9,0.444,1,2,0.5,0,3,3,1,0,0,0,0,13,14,1,37.0,2.0,0,20.0,1
22025,1629018,0022501110,2026-04-01,MIL @ HOU,L,7,0,3,0.0,0,1,0.0,0,0,0.0,0,0,0,0,1,0,1,1,0,-9,1,23.0,1.0,1,22.1,0
22025,1629018,0022501160,2026-04-08,MIL @ DET,L,19,3,12,0.25,0,8,0.0,1,1,1.0,0,0,0,1,0,0,2,3,7,-16,1,7.0,7.0,1,22.2,0
